student_id,gender,race_ethnicity,parental_education,lunch,test_prep_course,study_hours_per_week,attendance_rate,extracurricular,internet_access,math_score,reading_score,writing_score,science_score,average_score,current_average_score,final_score,risk_level
STU0030,female,Group A,high school,standard,completed,6.4,97.3,no,yes,67,62,73,65,66.75,66.75,59.02,Medium
STU0536,male,Group D,master's degree,standard,none,9.4,56.1,no,no,75,79,91,75,80.0,80.0,52.34,Medium
STU0696,female,Group D,bachelor's degree,free/reduced,completed,10.0,100.0,no,yes,74,82,89,94,84.75,84.75,69.62,Low
STU0558,male,Group E,associate's degree,standard,none,3.8,81.1,yes,no,68,72,69,75,71.0,71.0,47.15,High
STU0837,male,Group D,high school,free/reduced,completed,9.7,100.0,no,yes,77,69,79,71,74.0,74.0,61.5,Medium
STU0597,male,Group A,master's degree,free/reduced,completed,1.3,100.0,no,no,48,68,73,66,63.75,63.75,50.66,Medium
STU0166,female,Group E,bachelor's degree,free/reduced,completed,3.4,77.8,yes,yes,62,77,80,76,73.75,73.75,50.44,Medium
STU0919,female,Group A,some college,standard,none,7.1,63.6,yes,yes,79,88,87,92,86.5,86.5,65.33,Low
STU0496,female,Group C,associate's degree,free/reduced,none,9.2,98.7,no,no,68,73,68,65,68.5,68.5,46.91,High
STU0825,female,Group C,associate's degree,standard,none,7.7,97.4,no,no,66,71,70,63,67.5,67.5,60.69,Medium
STU0066,male,Group D,associate's degree,free/reduced,completed,2.8,74.2,yes,yes,77,90,78,90,83.75,83.75,63.8,Medium
STU0142,female,Group C,high school,free/reduced,completed,4.8,60.9,yes,no,52,52,64,53,55.25,55.25,45.72,High
STU0926,male,Group D,associate's degree,standard,completed,6.0,100.0,yes,yes,68,95,75,63,75.25,75.25,68.6,Low
STU0828,female,Group C,some college,free/reduced,completed,5.7,83.6,no,no,68,74,67,83,73.0,73.0,55.21,Medium
STU0656,male,Group B,some college,standard,none,7.9,76.3,no,no,80,83,77,98,84.5,84.5,65.34,Low
STU0332,female,Group E,some high school,standard,completed,6.3,100.0,yes,no,55,79,66,69,67.25,67.25,56.78,Medium
STU0665,female,Group C,associate's degree,standard,completed,6.9,82.0,no,no,81,81,84,61,76.75,76.75,62.38,Medium
STU0250,male,Group A,some high school,free/reduced,completed,6.1,94.6,no,yes,69,71,68,64,68.0,68.0,69.18,Low
STU0908,female,Group B,associate's degree,free/reduced,completed,10.2,76.1,no,no,70,81,87,87,81.25,81.25,60.63,Medium
STU0709,female,Group C,some high school,free/reduced,completed,8.3,82.9,yes,no,67,67,73,65,68.0,68.0,57.53,Medium
STU0306,male,Group D,bachelor's degree,standard,completed,5.7,90.3,yes,no,79,81,91,72,80.75,80.75,65.36,Low
STU0735,male,Group E,bachelor's degree,standard,completed,6.0,84.2,no,yes,81,73,71,83,77.0,77.0,72.98,Low
STU0976,male,Group A,some college,free/reduced,completed,7.1,94.7,yes,no,58,63,75,60,64.0,64.0,57.46,Medium
STU0050,male,Group C,bachelor's degree,free/reduced,completed,4.2,89.1,yes,yes,80,87,83,84,83.5,83.5,64.92,Medium
STU0897,male,Group D,some college,free/reduced,completed,1.7,100.0,yes,no,65,66,65,77,68.25,68.25,59.43,Medium
STU0003,male,Group B,bachelor's degree,standard,completed,6.5,73.5,no,yes,84,87,83,94,87.0,87.0,70.29,Low
STU0545,male,Group C,some college,free/reduced,none,5.7,67.9,yes,yes,53,66,58,56,58.25,58.25,54.2,Medium
STU0351,female,Group C,some college,free/reduced,completed,4.8,94.7,no,no,64,69,74,84,72.75,72.75,43.58,High
STU0905,male,Group B,master's degree,standard,none,2.4,76.5,yes,no,81,86,75,87,82.25,82.25,54.42,Medium
STU0537,male,Group E,bachelor's degree,standard,completed,5.1,88.6,yes,no,66,74,86,78,76.0,76.0,66.23,Low
STU0345,female,Group B,high school,free/reduced,none,1.0,85.3,no,no,52,67,64,66,62.25,62.25,38.51,High
STU0995,male,Group E,master's degree,standard,completed,5.4,87.5,no,yes,69,83,85,87,81.0,81.0,68.62,Low
STU0482,female,Group D,some college,free/reduced,none,7.9,75.1,no,yes,66,66,71,73,69.0,69.0,40.87,High
STU0576,male,Group E,some high school,standard,completed,7.6,84.5,no,yes,80,79,79,70,77.0,77.0,73.52,Low
STU0034,female,Group A,associate's degree,free/reduced,none,6.8,95.1,no,no,66,67,66,60,64.75,64.75,48.04,High
STU0032,male,Group A,master's degree,standard,completed,13.6,71.1,yes,yes,90,100,83,87,90.0,90.0,90.53,Low
STU0232,male,Group D,some college,free/reduced,completed,4.4,91.3,no,no,62,62,66,65,63.75,63.75,43.45,High
STU0964,male,Group E,some college,free/reduced,none,5.8,79.5,yes,no,68,76,73,73,72.5,72.5,55.14,Medium
STU0193,female,Group E,some high school,free/reduced,completed,7.6,65.4,no,no,64,55,61,56,59.0,59.0,40.95,High
STU0334,male,Group B,bachelor's degree,standard,none,4.3,85.3,yes,no,67,72,67,75,70.25,70.25,60.27,Medium
STU0004,female,Group E,some college,standard,completed,4.3,80.1,no,no,78,80,80,91,82.25,82.25,57.89,Medium
STU0205,male,Group B,some high school,free/reduced,completed,5.9,83.8,yes,no,72,57,72,66,66.75,66.75,50.47,Medium
STU0515,male,Group A,some college,free/reduced,none,3.7,90.0,no,no,47,61,60,48,54.0,54.0,29.94,High
STU0800,female,Group A,some high school,standard,completed,6.6,83.9,yes,yes,87,99,83,83,88.0,88.0,79.2,Low
STU0307,female,Group B,bachelor's degree,standard,completed,7.7,93.0,yes,no,75,84,75,76,77.5,77.5,69.65,Low
STU0110,male,Group C,high school,standard,completed,7.5,84.7,yes,no,48,65,63,62,59.5,59.5,54.0,Medium
STU0431,male,Group B,associate's degree,free/reduced,none,11.1,84.5,no,yes,69,82,72,70,73.25,73.25,65.92,Low
STU0078,female,Group B,associate's degree,standard,completed,7.5,86.7,no,no,81,71,73,74,74.75,74.75,58.19,Medium
STU0085,male,Group A,bachelor's degree,standard,completed,3.5,69.5,no,yes,82,97,84,83,86.5,86.5,64.98,Medium
STU0287,male,Group C,some college,standard,completed,8.2,66.6,no,no,83,85,74,84,81.5,81.5,67.05,Low
STU0083,male,Group D,master's degree,free/reduced,none,3.1,86.0,yes,yes,78,73,82,75,77.0,77.0,55.41,Medium
STU0992,male,Group E,master's degree,free/reduced,none,0.0,100.0,no,no,48,68,57,68,60.25,60.25,32.77,High
STU0790,male,Group D,some high school,free/reduced,none,5.7,90.1,no,no,84,73,69,65,72.75,72.75,52.3,Medium
STU0895,female,Group D,bachelor's degree,free/reduced,none,8.9,85.5,no,no,86,85,84,82,84.25,84.25,52.93,Medium
STU0399,male,Group D,some college,standard,completed,7.4,69.0,no,no,60,66,59,56,60.25,60.25,43.7,High
STU0324,male,Group A,some high school,free/reduced,completed,6.8,94.9,yes,yes,80,75,76,65,74.0,74.0,77.11,Low
STU0520,female,Group D,some high school,free/reduced,none,6.6,74.8,yes,yes,56,65,70,68,64.75,64.75,51.32,Medium
STU0917,female,Group D,high school,free/reduced,completed,2.6,96.6,yes,yes,88,71,84,70,78.25,78.25,70.63,Low
STU0923,female,Group C,some college,free/reduced,completed,2.5,63.4,no,yes,51,55,50,54,52.5,52.5,34.69,High
STU0006,male,Group C,some college,free/reduced,completed,7.6,90.0,no,yes,69,71,71,75,71.5,71.5,62.82,Medium
STU0732,female,Group D,some high school,free/reduced,completed,7.1,83.6,yes,no,80,79,66,68,73.25,73.25,55.68,Medium
STU0466,male,Group C,high school,standard,none,5.6,91.7,no,no,80,76,84,76,79.0,79.0,59.19,Medium
STU0098,female,Group E,bachelor's degree,free/reduced,completed,2.4,88.4,yes,no,60,72,71,83,71.5,71.5,58.19,Medium
STU0267,female,Group A,some college,free/reduced,completed,6.7,95.8,no,no,83,67,70,62,70.5,70.5,53.6,Medium
STU0358,male,Group A,some college,standard,completed,5.3,85.4,no,no,62,62,74,63,65.25,65.25,68.93,Low
STU0869,male,Group A,some college,standard,completed,5.9,97.2,yes,no,95,100,96,100,97.75,97.75,89.33,Low
STU0799,male,Group C,associate's degree,standard,completed,6.9,100.0,no,no,77,87,92,88,86.0,86.0,62.99,Medium
STU0381,female,Group E,master's degree,free/reduced,completed,9.0,82.7,yes,yes,72,80,75,80,76.75,76.75,73.25,Low
STU0632,female,Group D,associate's degree,free/reduced,completed,5.5,95.2,no,no,72,80,68,72,73.0,73.0,55.58,Medium
STU0382,male,Group A,bachelor's degree,free/reduced,none,8.0,99.7,yes,no,70,74,78,75,74.25,74.25,52.76,Medium
STU0491,female,Group A,master's degree,standard,completed,6.4,80.5,no,no,73,71,75,74,73.25,73.25,51.4,Medium
STU0119,female,Group E,associate's degree,free/reduced,completed,6.3,80.1,yes,no,51,77,52,61,60.25,60.25,51.52,Medium
STU0901,female,Group B,some college,free/reduced,completed,7.9,92.1,no,yes,77,76,73,86,78.0,78.0,70.69,Low
STU0251,female,Group E,some college,free/reduced,none,4.2,76.7,yes,no,66,59,73,65,65.75,65.75,36.4,High
STU0524,female,Group C,high school,standard,none,5.4,88.2,yes,no,70,71,87,80,77.0,77.0,61.45,Medium
STU0010,male,Group C,master's degree,standard,completed,2.9,89.5,yes,yes,89,84,87,89,87.25,87.25,72.45,Low
STU0197,male,Group E,master's degree,standard,completed,7.5,66.5,yes,no,79,86,82,71,79.5,79.5,58.05,Medium
STU0604,female,Group A,high school,standard,completed,7.6,76.8,yes,yes,72,85,65,66,72.0,72.0,55.09,Medium
STU0082,male,Group E,high school,standard,completed,6.0,79.7,no,yes,88,100,84,94,91.5,91.5,74.62,Low
STU0784,male,Group C,high school,standard,none,5.6,71.4,yes,yes,83,77,75,78,78.25,78.25,48.63,High
STU0588,female,Group D,some college,free/reduced,none,7.5,83.0,yes,yes,78,86,77,67,77.0,77.0,62.3,Medium
STU0798,male,Group E,bachelor's degree,free/reduced,none,0.5,91.5,yes,no,65,66,62,71,66.0,66.0,35.53,High
STU0240,male,Group D,some high school,free/reduced,none,7.0,51.9,yes,no,43,63,72,63,60.25,60.25,27.96,High
STU0291,male,Group A,associate's degree,free/reduced,completed,6.7,97.8,no,no,75,64,80,61,70.0,70.0,64.1,Medium
STU0212,female,Group D,bachelor's degree,standard,none,5.1,93.6,yes,yes,66,72,76,70,71.0,71.0,63.5,Medium
STU0718,male,Group A,some college,free/reduced,none,6.8,91.3,yes,yes,64,64,65,62,63.75,63.75,57.09,Medium
STU0360,male,Group C,associate's degree,standard,completed,2.5,63.2,yes,no,54,65,68,65,63.0,63.0,48.07,High
STU0450,male,Group A,some high school,standard,completed,10.5,88.9,yes,no,90,73,72,62,74.25,74.25,75.25,Low
STU0228,female,Group C,some high school,free/reduced,none,7.4,94.3,no,no,61,53,70,73,64.25,64.25,48.42,High
STU0951,male,Group C,master's degree,free/reduced,none,6.2,67.7,no,no,69,68,75,68,70.0,70.0,37.7,High
STU0947,female,Group D,bachelor's degree,free/reduced,completed,9.0,90.1,no,yes,64,59,64,60,61.75,61.75,57.45,Medium
STU0797,female,Group E,some college,standard,completed,2.9,100.0,yes,no,96,81,83,77,84.25,84.25,68.14,Low
STU0502,male,Group C,master's degree,standard,none,3.2,96.8,no,no,77,82,87,77,80.75,80.75,56.51,Medium
STU0465,female,Group A,associate's degree,standard,none,5.1,84.9,yes,yes,63,77,74,74,72.0,72.0,60.8,Medium
STU0363,male,Group A,some high school,free/reduced,completed,8.2,84.9,yes,yes,69,63,57,72,65.25,65.25,56.55,Medium
STU0469,male,Group A,some high school,standard,completed,13.3,80.0,no,yes,74,66,77,66,70.75,70.75,65.75,Low
STU0936,male,Group A,high school,free/reduced,none,8.2,82.6,yes,no,42,63,67,67,59.75,59.75,50.08,Medium
STU0429,female,Group C,some college,free/reduced,none,13.4,88.1,no,no,76,86,79,62,75.75,75.75,67.86,Low
STU0008,male,Group B,some college,standard,completed,4.7,100.0,yes,no,77,63,70,72,70.5,70.5,64.48,Medium
STU0156,male,Group A,associate's degree,standard,completed,9.1,73.0,yes,yes,89,100,95,91,93.75,93.75,71.58,Low
STU0542,male,Group E,bachelor's degree,standard,completed,7.1,64.5,no,yes,84,100,100,97,95.25,95.25,70.38,Low
STU0441,male,Group B,some college,free/reduced,none,3.5,84.4,yes,yes,52,60,74,67,63.25,63.25,39.93,High
STU0483,male,Group C,associate's degree,standard,none,2.3,84.1,yes,no,68,61,72,58,64.75,64.75,54.34,Medium
STU0423,female,Group B,master's degree,standard,completed,7.3,80.9,yes,no,72,78,78,88,79.0,79.0,63.9,Medium
STU0779,male,Group C,associate's degree,free/reduced,none,5.6,80.7,yes,yes,74,67,69,69,69.75,69.75,58.36,Medium
STU0950,female,Group B,some college,standard,completed,5.8,79.4,no,no,61,73,66,69,67.25,67.25,57.78,Medium
STU0335,male,Group E,high school,free/reduced,none,4.2,89.3,no,yes,65,75,67,51,64.5,64.5,48.3,High
STU0577,female,Group C,bachelor's degree,standard,none,2.3,79.2,no,no,81,68,65,64,69.5,69.5,53.49,Medium
STU0935,male,Group E,some high school,standard,completed,3.7,77.1,no,yes,84,76,83,64,76.75,76.75,56.19,Medium
STU0568,female,Group B,master's degree,standard,completed,2.9,87.3,no,no,71,76,70,54,67.75,67.75,47.26,High
STU0595,male,Group D,high school,standard,none,6.9,68.3,no,yes,79,87,90,77,83.25,83.25,57.45,Medium
STU0531,female,Group D,some college,free/reduced,none,5.6,74.7,no,yes,52,61,59,59,57.75,57.75,43.75,High
STU0582,female,Group B,some high school,standard,completed,6.0,81.4,no,yes,73,71,65,68,69.25,69.25,58.28,Medium
STU0708,female,Group B,high school,free/reduced,none,0.0,80.3,yes,yes,60,64,62,58,61.0,61.0,41.06,High
STU0449,male,Group E,high school,free/reduced,none,6.4,100.0,yes,no,60,57,58,60,58.75,58.75,52.98,Medium
STU0454,female,Group B,high school,free/reduced,none,5.3,100.0,no,yes,59,76,71,71,69.25,69.25,59.14,Medium
STU0229,female,Group C,high school,free/reduced,none,3.0,91.4,no,no,73,60,63,69,66.25,66.25,40.55,High
STU0353,female,Group B,associate's degree,free/reduced,completed,1.4,92.6,no,no,72,60,70,72,68.5,68.5,41.11,High
STU0729,male,Group B,high school,free/reduced,completed,0.2,89.6,yes,yes,89,72,70,64,73.75,73.75,56.85,Medium
STU0213,female,Group C,some high school,free/reduced,completed,4.2,100.0,no,no,50,45,48,51,48.5,48.5,25.25,High
STU0080,female,Group C,some high school,free/reduced,completed,4.4,62.7,yes,no,54,57,51,61,55.75,55.75,40.98,High
STU0149,female,Group C,some high school,standard,none,5.5,68.9,yes,no,64,69,63,74,67.5,67.5,51.77,Medium
STU0303,male,Group C,associate's degree,free/reduced,none,3.4,77.0,yes,yes,53,61,70,81,66.25,66.25,45.26,High
STU0629,female,Group E,bachelor's degree,free/reduced,none,4.3,55.1,no,yes,61,70,53,71,63.75,63.75,44.22,High
STU0778,male,Group B,some high school,free/reduced,completed,5.5,76.7,no,yes,64,81,69,70,71.0,71.0,58.29,Medium
STU0507,male,Group D,bachelor's degree,free/reduced,none,5.0,84.7,yes,yes,77,83,76,83,79.75,79.75,62.65,Medium
STU0343,male,Group A,some high school,free/reduced,completed,2.9,81.4,no,no,82,70,78,67,74.25,74.25,38.39,High
STU0486,male,Group C,master's degree,free/reduced,none,4.1,99.5,no,no,77,67,71,62,69.25,69.25,45.54,High
STU0712,male,Group E,some high school,free/reduced,completed,7.2,74.1,no,yes,77,80,90,85,83.0,83.0,75.39,Low
STU0134,female,Group A,some high school,free/reduced,completed,3.7,83.3,no,no,52,60,50,48,52.5,52.5,30.04,High
STU0704,female,Group E,high school,standard,none,4.1,97.5,no,no,40,78,84,58,65.0,65.0,54.64,Medium
STU0312,female,Group B,associate's degree,standard,none,9.4,84.0,no,yes,78,91,81,92,85.5,85.5,81.89,Low
STU0723,male,Group C,associate's degree,free/reduced,completed,5.8,85.9,no,yes,75,81,72,72,75.0,75.0,57.93,Medium
STU0630,male,Group D,associate's degree,standard,none,9.0,83.4,yes,no,73,91,81,73,79.5,79.5,57.16,Medium
STU0001,male,Group A,master's degree,free/reduced,completed,6.4,72.6,yes,yes,86,71,74,81,78.0,78.0,63.68,Medium
STU0317,male,Group D,high school,free/reduced,none,8.5,78.0,no,no,73,73,72,69,71.75,71.75,53.87,Medium
STU0707,male,Group C,bachelor's degree,standard,completed,1.0,84.5,yes,no,66,83,81,73,75.75,75.75,56.21,Medium
STU0548,male,Group D,some high school,standard,none,1.3,82.5,no,yes,52,76,65,66,64.75,64.75,40.04,High
STU0873,female,Group B,some high school,standard,none,7.1,89.9,yes,yes,77,100,87,86,87.5,87.5,64.19,Medium
STU0533,female,Group E,master's degree,free/reduced,completed,0.6,96.3,no,no,75,82,86,75,79.5,79.5,59.51,Medium
STU0478,female,Group B,master's degree,standard,none,5.3,86.0,no,yes,86,97,98,89,92.5,92.5,69.22,Low
STU0405,female,Group E,associate's degree,free/reduced,completed,2.5,93.6,no,yes,70,76,73,74,73.25,73.25,50.6,Medium
STU0173,male,Group C,bachelor's degree,free/reduced,completed,7.1,85.9,no,yes,86,86,61,75,77.0,77.0,63.57,Medium
STU0126,male,Group D,bachelor's degree,free/reduced,none,5.3,76.0,no,no,64,62,63,65,63.5,63.5,37.93,High
STU0395,male,Group E,master's degree,free/reduced,completed,6.7,82.5,yes,no,65,89,70,61,71.25,71.25,54.48,Medium
STU0421,female,Group C,some college,standard,none,5.3,59.1,yes,no,61,73,62,69,66.25,66.25,42.87,High
STU0553,male,Group E,master's degree,free/reduced,none,9.0,87.4,yes,yes,91,91,88,72,85.5,85.5,67.01,Low
STU0904,male,Group E,master's degree,free/reduced,none,3.3,85.3,yes,no,62,56,66,57,60.25,60.25,47.37,High
STU0091,female,Group B,associate's degree,standard,none,5.2,96.4,no,no,44,52,65,57,54.5,54.5,46.29,High
STU0940,female,Group A,associate's degree,free/reduced,none,6.3,85.7,no,no,66,75,68,71,70.0,70.0,38.54,High
STU0182,male,Group B,some college,free/reduced,none,4.6,77.5,yes,yes,66,65,62,74,66.75,66.75,48.72,High
STU0275,female,Group C,associate's degree,free/reduced,none,2.7,84.4,no,yes,51,66,66,63,61.5,61.5,37.42,High
STU0896,female,Group C,bachelor's degree,standard,none,5.2,86.4,yes,no,73,74,78,77,75.5,75.5,58.01,Medium
STU0070,female,Group E,associate's degree,standard,none,6.3,100.0,no,yes,76,77,74,71,74.5,74.5,57.36,Medium
STU0292,male,Group C,some college,standard,completed,6.0,95.0,yes,no,60,76,73,69,69.5,69.5,61.76,Medium
STU0132,female,Group D,bachelor's degree,standard,completed,2.8,88.8,yes,no,67,72,85,59,70.75,70.75,65.53,Low
STU0301,female,Group D,associate's degree,free/reduced,completed,4.3,94.8,yes,no,66,69,63,74,68.0,68.0,52.42,Medium
STU0425,female,Group C,some high school,standard,completed,3.3,72.5,no,no,72,65,68,55,65.0,65.0,42.29,High
STU0327,female,Group A,bachelor's degree,free/reduced,completed,7.8,69.4,yes,yes,67,61,61,49,59.5,59.5,50.7,Medium
STU0145,male,Group B,bachelor's degree,free/reduced,none,6.3,77.8,yes,no,71,73,81,54,69.75,69.75,41.32,High
STU0424,male,Group B,bachelor's degree,free/reduced,completed,5.3,88.7,no,yes,68,65,71,65,67.25,67.25,47.12,High
STU0581,female,Group B,associate's degree,standard,completed,9.8,77.3,yes,yes,90,93,87,91,90.25,90.25,77.03,Low
STU0136,male,Group A,bachelor's degree,free/reduced,completed,6.2,82.3,no,yes,74,77,73,65,72.25,72.25,51.03,Medium
STU0451,male,Group C,bachelor's degree,standard,completed,8.2,100.0,no,yes,86,79,83,65,78.25,78.25,81.91,Low
STU0165,male,Group A,high school,free/reduced,none,3.6,88.4,no,no,72,61,63,50,61.5,61.5,43.99,High
STU0029,female,Group D,master's degree,standard,completed,5.8,86.5,yes,no,100,97,99,90,96.5,96.5,74.39,Low
STU0774,male,Group B,some college,standard,none,8.3,68.0,no,yes,75,87,75,74,77.75,77.75,64.27,Medium
STU0194,female,Group A,some high school,free/reduced,none,9.3,81.4,yes,yes,48,60,58,44,52.5,52.5,42.33,High
STU0389,female,Group C,some college,free/reduced,none,5.3,84.5,yes,no,69,63,65,71,67.0,67.0,53.17,Medium
STU0853,male,Group E,some high school,standard,completed,4.0,83.4,no,yes,69,76,69,91,76.25,76.25,66.65,Low
STU0170,male,Group C,high school,standard,none,1.9,87.9,yes,no,82,80,78,77,79.25,79.25,52.14,Medium
STU0706,male,Group C,some high school,free/reduced,completed,4.3,63.5,yes,no,75,72,53,53,63.25,63.25,38.14,High
STU0141,female,Group A,master's degree,free/reduced,none,6.8,84.0,yes,yes,66,69,68,81,71.0,71.0,57.59,Medium
STU0174,female,Group E,bachelor's degree,standard,none,0.6,85.0,yes,yes,76,89,80,80,81.25,81.25,67.76,Low
STU0007,female,Group A,bachelor's degree,free/reduced,none,7.4,84.7,yes,yes,78,68,74,71,72.75,72.75,55.97,Medium
STU0746,male,Group B,bachelor's degree,free/reduced,completed,4.4,68.6,no,yes,78,93,88,74,83.25,83.25,60.43,Medium
STU0479,male,Group D,bachelor's degree,free/reduced,none,4.6,81.2,no,no,70,73,64,62,67.25,67.25,54.31,Medium
STU0074,female,Group D,bachelor's degree,standard,none,7.5,100.0,no,yes,68,78,85,66,74.25,74.25,65.78,Low
STU0911,female,Group D,some college,standard,none,2.8,79.1,no,yes,79,72,84,77,78.0,78.0,63.21,Medium
STU0814,female,Group E,some high school,standard,completed,6.0,94.7,no,yes,74,72,77,69,73.0,73.0,60.22,Medium
STU0239,female,Group D,high school,standard,completed,7.2,71.2,yes,no,75,74,78,69,74.0,74.0,62.57,Medium
STU0146,female,Group C,master's degree,free/reduced,completed,2.2,80.0,no,yes,57,65,64,86,68.0,68.0,61.59,Medium
STU0793,male,Group C,associate's degree,free/reduced,completed,6.6,69.0,no,no,72,74,69,77,73.0,73.0,46.98,High
STU0235,male,Group C,some college,free/reduced,completed,3.8,70.9,yes,no,42,62,68,66,59.5,59.5,33.87,High
STU0221,male,Group E,some college,standard,completed,2.2,75.4,no,no,56,60,65,56,59.25,59.25,46.62,High
STU0924,male,Group B,bachelor's degree,free/reduced,none,8.6,82.2,no,no,72,65,72,63,68.0,68.0,48.01,High
STU0501,female,Group C,some college,free/reduced,none,6.2,93.8,no,yes,85,81,69,68,75.75,75.75,59.75,Medium
STU0133,male,Group A,associate's degree,standard,completed,5.9,88.5,no,yes,81,80,89,76,81.5,81.5,75.74,Low
STU0991,female,Group C,bachelor's degree,standard,completed,5.4,96.3,yes,yes,67,80,71,80,74.5,74.5,66.12,Low
STU0775,female,Group B,bachelor's degree,standard,none,1.8,81.6,no,yes,67,76,73,63,69.75,69.75,50.63,Medium
STU0186,male,Group D,some high school,free/reduced,completed,6.8,90.2,no,no,66,72,61,71,67.5,67.5,43.62,High
STU0042,male,Group B,some college,free/reduced,completed,2.2,78.3,no,no,74,68,65,70,69.25,69.25,38.14,High
STU0697,male,Group A,high school,free/reduced,completed,5.2,86.2,no,yes,69,65,77,80,72.75,72.75,57.13,Medium
STU0109,female,Group E,master's degree,standard,none,3.6,93.1,yes,yes,70,72,74,75,72.75,72.75,55.35,Medium
STU0589,male,Group C,high school,standard,none,7.5,90.3,yes,yes,78,78,85,84,81.25,81.25,65.28,Low
STU0057,female,Group D,bachelor's degree,standard,none,8.6,88.2,yes,no,80,93,92,80,86.25,86.25,69.62,Low
STU0406,male,Group E,some high school,standard,none,8.6,74.6,yes,yes,79,83,81,72,78.75,78.75,56.72,Medium
STU0443,female,Group D,high school,free/reduced,completed,8.1,80.3,yes,yes,73,83,83,79,79.5,79.5,70.12,Low
STU0758,female,Group E,master's degree,standard,completed,4.0,72.4,yes,yes,89,81,78,83,82.75,82.75,71.83,Low
STU0998,female,Group A,high school,standard,completed,10.3,77.3,no,no,81,74,81,79,78.75,78.75,60.04,Medium
STU0025,male,Group C,some high school,standard,completed,4.4,100.0,yes,yes,63,77,69,71,70.0,70.0,63.74,Medium
STU0468,male,Group C,some high school,free/reduced,completed,4.1,100.0,no,no,53,50,54,45,50.5,50.5,42.62,High
STU0540,male,Group D,associate's degree,free/reduced,completed,5.6,86.7,no,no,66,73,65,61,66.25,66.25,66.39,Low
STU0532,male,Group B,master's degree,standard,completed,3.7,100.0,yes,no,75,84,69,74,75.5,75.5,70.15,Low
STU0619,female,Group E,bachelor's degree,free/reduced,completed,5.0,100.0,no,no,83,83,87,89,85.5,85.5,59.95,Medium
STU0695,male,Group B,some high school,free/reduced,completed,7.1,77.0,yes,yes,68,71,72,64,68.75,68.75,51.06,Medium
STU0927,female,Group C,some college,free/reduced,completed,0.0,86.7,no,no,57,64,71,53,61.25,61.25,31.48,High
STU0339,female,Group A,bachelor's degree,free/reduced,completed,6.1,82.1,yes,yes,56,81,78,77,73.0,73.0,67.19,Low
STU0052,female,Group B,master's degree,standard,none,0.0,69.7,yes,no,40,55,63,55,53.25,53.25,34.39,High
STU0508,male,Group B,some college,free/reduced,none,7.9,91.8,yes,no,70,75,79,67,72.75,72.75,51.71,Medium
STU0517,male,Group B,high school,standard,completed,4.9,73.3,yes,yes,76,87,83,75,80.25,80.25,63.15,Medium
STU0921,female,Group C,associate's degree,free/reduced,completed,3.9,79.5,no,no,68,62,61,57,62.0,62.0,45.79,High
STU0782,male,Group E,master's degree,free/reduced,completed,10.6,86.7,no,yes,85,89,78,82,83.5,83.5,79.2,Low
STU0265,female,Group E,associate's degree,standard,completed,8.1,86.2,no,no,79,84,84,83,82.5,82.5,71.35,Low
STU0818,male,Group E,some high school,free/reduced,completed,2.2,71.4,no,no,52,47,60,59,54.5,54.5,38.57,High
STU0711,male,Group A,some college,free/reduced,none,4.0,100.0,no,yes,56,59,53,74,60.5,60.5,53.65,Medium
STU0683,female,Group E,some high school,free/reduced,completed,0.3,98.0,yes,yes,77,77,71,64,72.25,72.25,55.29,Medium
STU0833,male,Group E,high school,free/reduced,completed,4.4,81.6,yes,yes,64,92,94,59,77.25,77.25,61.25,Medium
STU0519,male,Group A,master's degree,standard,completed,9.5,63.7,yes,no,94,82,71,78,81.25,81.25,76.16,Low
STU0448,male,Group B,high school,free/reduced,none,6.5,86.0,yes,no,56,73,80,67,69.0,69.0,48.64,High
STU0019,male,Group E,some high school,free/reduced,completed,3.2,79.4,yes,no,56,66,60,57,59.75,59.75,36.94,High
STU0716,female,Group C,some high school,free/reduced,none,5.9,92.8,yes,yes,88,70,69,55,70.5,70.5,52.4,Medium
STU0484,female,Group B,some high school,free/reduced,none,0.7,72.0,no,yes,67,61,61,57,61.5,61.5,29.07,High
STU0569,male,Group D,some college,free/reduced,completed,7.1,84.2,no,no,56,52,45,56,52.25,52.25,38.48,High
STU0434,male,Group A,master's degree,standard,none,6.9,100.0,no,yes,77,100,98,80,88.75,88.75,71.62,Low
STU0368,male,Group D,some high school,free/reduced,none,0.6,99.6,no,no,46,64,61,53,56.0,56.0,30.13,High
STU0084,male,Group C,some high school,standard,none,5.3,65.2,no,no,52,49,35,55,47.75,47.75,30.9,High
STU0062,female,Group B,associate's degree,free/reduced,none,3.1,91.3,no,no,69,68,71,65,68.25,68.25,47.78,High
STU0639,male,Group A,some high school,standard,none,5.6,75.0,yes,yes,72,76,81,75,76.0,76.0,57.19,Medium
STU0273,female,Group E,some college,free/reduced,none,6.8,89.6,yes,yes,73,92,79,64,77.0,77.0,55.82,Medium
STU0286,male,Group A,some college,standard,none,9.0,84.1,no,yes,85,89,87,89,87.5,87.5,82.63,Low
STU0361,female,Group C,associate's degree,standard,none,6.4,93.8,no,no,85,80,81,81,81.75,81.75,60.79,Medium
STU0355,male,Group D,bachelor's degree,free/reduced,none,8.2,73.0,no,yes,72,80,77,83,78.0,78.0,58.15,Medium
STU0457,female,Group E,high school,standard,none,9.3,84.6,yes,no,86,93,91,90,90.0,90.0,71.38,Low
STU0279,male,Group A,master's degree,standard,completed,2.4,86.6,yes,yes,85,97,85,86,88.25,88.25,67.53,Low
STU0013,male,Group D,associate's degree,free/reduced,completed,1.8,73.0,no,yes,61,68,77,66,68.0,68.0,52.26,Medium
STU0183,female,Group D,high school,standard,none,11.9,85.0,yes,no,92,98,87,85,90.5,90.5,75.9,Low
STU0369,female,Group E,some high school,free/reduced,none,5.1,86.5,no,yes,76,81,82,66,76.25,76.25,57.14,Medium
STU0882,female,Group D,high school,free/reduced,completed,6.3,95.0,no,no,82,75,83,77,79.25,79.25,49.61,High
STU0616,male,Group E,bachelor's degree,standard,completed,4.6,93.1,no,yes,74,78,92,93,84.25,84.25,72.95,Low
STU0224,female,Group E,some college,standard,none,7.4,97.3,no,yes,75,91,95,76,84.25,84.25,68.79,Low
STU0573,female,Group C,some high school,standard,completed,3.0,57.2,yes,yes,70,66,72,67,68.75,68.75,59.64,Medium
STU0971,male,Group C,associate's degree,standard,completed,5.9,73.5,yes,no,74,82,72,75,75.75,75.75,52.71,Medium
STU0654,female,Group E,associate's degree,free/reduced,completed,8.3,88.3,no,no,69,76,71,78,73.5,73.5,49.53,High
STU0546,male,Group D,high school,free/reduced,completed,6.5,87.7,no,yes,63,57,75,71,66.5,66.5,54.81,Medium
STU0583,female,Group A,some college,standard,completed,3.1,84.8,no,no,57,57,63,68,61.25,61.25,42.7,High
STU0634,female,Group B,master's degree,standard,none,4.7,87.9,no,no,63,56,67,55,60.25,60.25,44.22,High
STU0177,female,Group D,some college,standard,none,5.5,89.6,no,no,82,60,76,77,73.75,73.75,47.88,High
STU0666,female,Group D,some college,standard,none,7.4,67.2,yes,yes,65,74,83,86,77.0,77.0,56.74,Medium
STU0674,male,Group A,some college,free/reduced,completed,9.8,96.6,no,yes,64,63,66,78,67.75,67.75,55.86,Medium
STU0586,female,Group C,associate's degree,standard,completed,10.0,85.1,no,yes,74,78,76,71,74.75,74.75,61.86,Medium
STU0874,female,Group D,associate's degree,standard,none,2.5,88.4,yes,no,68,61,57,60,61.5,61.5,46.35,High
STU0394,male,Group A,some high school,standard,none,4.4,88.1,yes,yes,75,89,79,79,80.5,80.5,57.53,Medium
STU0164,female,Group A,associate's degree,free/reduced,completed,4.8,56.7,yes,no,62,40,54,46,50.5,50.5,40.24,High
STU0249,male,Group E,bachelor's degree,standard,completed,3.3,80.8,no,yes,74,78,74,83,77.25,77.25,65.38,Low
STU0635,male,Group C,high school,free/reduced,completed,10.9,80.9,no,no,76,81,78,83,79.5,79.5,59.03,Medium
STU0886,female,Group C,high school,standard,completed,8.9,95.4,yes,no,84,86,79,74,80.75,80.75,68.07,Low
STU0670,female,Group D,high school,free/reduced,completed,8.3,74.9,no,yes,75,61,71,67,68.5,68.5,55.92,Medium
STU0376,female,Group D,high school,standard,completed,9.0,91.6,yes,no,82,94,92,80,87.0,87.0,80.57,Low
STU0413,female,Group B,some college,standard,none,6.7,83.3,yes,yes,74,80,88,81,80.75,80.75,71.5,Low
STU0075,female,Group C,associate's degree,free/reduced,completed,10.6,65.8,no,yes,60,63,70,66,64.75,64.75,46.72,High
STU0114,female,Group E,master's degree,free/reduced,none,3.8,100.0,yes,no,60,72,64,64,65.0,65.0,50.56,Medium
STU0599,female,Group B,bachelor's degree,free/reduced,none,5.7,66.9,no,no,50,65,56,39,52.5,52.5,14.61,High
STU0962,female,Group E,some high school,free/reduced,none,6.2,75.3,no,no,55,54,65,65,59.75,59.75,41.5,High
STU0391,male,Group D,associate's degree,standard,none,6.4,86.0,yes,yes,88,88,89,85,87.5,87.5,73.13,Low
STU0105,female,Group C,bachelor's degree,free/reduced,none,2.3,79.8,yes,yes,55,62,72,75,66.0,66.0,45.48,High
STU0115,female,Group A,associate's degree,free/reduced,none,7.1,77.2,no,no,75,78,72,77,75.5,75.5,39.08,High
STU0418,male,Group A,bachelor's degree,free/reduced,completed,4.8,89.4,no,yes,52,64,70,76,65.5,65.5,59.31,Medium
STU0526,male,Group A,bachelor's degree,standard,completed,3.2,62.1,no,yes,90,87,76,77,82.5,82.5,66.26,Low
STU0458,male,Group B,some college,free/reduced,completed,4.8,100.0,yes,no,62,65,66,60,63.25,63.25,54.63,Medium
STU0410,female,Group D,master's degree,standard,completed,5.0,79.9,yes,yes,63,80,60,67,67.5,67.5,60.43,Medium
STU0093,male,Group D,associate's degree,standard,none,7.7,92.9,no,no,47,71,72,56,61.5,61.5,38.78,High
STU0931,male,Group A,master's degree,standard,none,3.1,79.3,yes,no,67,77,83,77,76.0,76.0,60.56,Medium
STU0090,female,Group E,bachelor's degree,free/reduced,none,2.6,83.9,yes,no,54,56,69,61,60.0,60.0,33.8,High
STU0337,male,Group A,some college,free/reduced,none,9.1,63.0,yes,no,45,55,52,63,53.75,53.75,43.92,High
STU0989,female,Group E,master's degree,free/reduced,none,3.4,92.2,yes,yes,68,74,64,83,72.25,72.25,54.68,Medium
STU0922,male,Group E,high school,standard,completed,9.3,91.1,yes,no,89,79,81,84,83.25,83.25,68.72,Low
STU0934,female,Group E,some college,free/reduced,completed,5.8,88.9,yes,yes,78,76,78,74,76.5,76.5,67.59,Low
STU0606,female,Group E,bachelor's degree,standard,none,6.0,73.0,yes,yes,60,71,75,75,70.25,70.25,60.93,Medium
STU0594,female,Group B,high school,standard,none,5.0,86.8,no,yes,67,72,67,83,72.25,72.25,56.52,Medium
STU0612,male,Group E,bachelor's degree,standard,none,5.0,97.0,no,no,68,74,75,73,72.5,72.5,53.29,Medium
STU0095,female,Group D,bachelor's degree,free/reduced,none,2.7,100.0,no,no,84,74,83,82,80.75,80.75,54.89,Medium
STU0012,male,Group C,associate's degree,free/reduced,completed,6.8,88.9,yes,no,74,75,76,64,72.25,72.25,51.12,Medium
STU0397,female,Group A,master's degree,standard,completed,2.9,70.9,no,no,82,86,80,84,83.0,83.0,48.74,High
STU0534,male,Group B,associate's degree,free/reduced,completed,3.6,78.7,no,no,58,66,57,48,57.25,57.25,33.76,High
STU0044,male,Group E,high school,free/reduced,none,10.0,61.3,yes,no,63,53,70,63,62.25,62.25,48.74,High
STU0043,male,Group E,some college,standard,completed,3.6,87.4,no,yes,89,74,89,86,84.5,84.5,69.95,Low
STU0330,male,Group A,some high school,free/reduced,none,5.3,84.1,no,no,71,63,63,68,66.25,66.25,37.81,High
STU0168,female,Group A,some college,free/reduced,none,6.8,91.2,no,no,78,78,85,84,81.25,81.25,52.42,Medium
STU0498,female,Group C,master's degree,standard,none,6.4,81.2,yes,no,87,86,82,80,83.75,83.75,55.86,Medium
STU0877,male,Group B,some college,free/reduced,completed,4.6,82.1,yes,yes,56,60,59,62,59.25,59.25,48.07,High
STU0598,male,Group D,master's degree,free/reduced,none,3.1,69.6,yes,no,63,64,72,58,64.25,64.25,42.0,High
STU0757,female,Group D,associate's degree,free/reduced,completed,7.8,82.3,yes,yes,68,67,85,71,72.75,72.75,68.34,Low
STU0101,male,Group E,some college,free/reduced,none,3.1,72.1,no,no,62,70,68,59,64.75,64.75,29.05,High
STU0427,female,Group C,associate's degree,standard,completed,6.9,83.6,yes,no,48,66,62,55,57.75,57.75,53.42,Medium
STU0179,female,Group D,associate's degree,free/reduced,none,6.0,74.0,no,yes,78,78,78,70,76.0,76.0,47.94,High
STU0445,female,Group B,some high school,free/reduced,completed,8.4,65.3,yes,no,67,70,73,74,71.0,71.0,48.98,High
STU0417,male,Group B,some high school,free/reduced,none,3.6,81.1,no,yes,58,49,57,59,55.75,55.75,35.52,High
STU0871,female,Group B,high school,free/reduced,completed,0.0,100.0,no,no,60,68,60,68,64.0,64.0,35.85,High
STU0883,male,Group A,associate's degree,free/reduced,completed,12.8,77.7,no,no,81,90,79,86,84.0,84.0,67.11,Low
STU0681,male,Group C,associate's degree,free/reduced,completed,5.5,69.4,no,yes,72,82,70,62,71.5,71.5,54.39,Medium
STU0178,male,Group A,high school,standard,completed,11.7,95.0,yes,no,87,89,88,91,88.75,88.75,87.93,Low
STU0396,male,Group D,master's degree,standard,none,5.4,90.0,yes,yes,91,86,91,81,87.25,87.25,68.23,Low
STU0912,male,Group B,high school,free/reduced,none,3.8,95.6,no,yes,69,77,79,70,73.75,73.75,53.87,Medium
STU0794,male,Group E,some high school,free/reduced,completed,2.7,97.1,no,yes,66,75,70,72,70.75,70.75,50.18,Medium
STU0961,female,Group A,associate's degree,free/reduced,none,4.7,89.9,no,yes,51,62,56,66,58.75,58.75,46.87,High
STU0685,female,Group A,master's degree,free/reduced,completed,6.8,79.7,yes,no,65,71,79,80,73.75,73.75,53.97,Medium
STU0384,male,Group C,master's degree,standard,completed,4.7,84.0,yes,yes,89,100,83,93,91.25,91.25,78.99,Low
STU0957,female,Group A,some high school,standard,completed,5.1,63.3,no,no,30,44,43,47,41.0,41.0,27.51,High
STU0752,female,Group C,some high school,free/reduced,completed,5.0,88.5,no,no,53,56,51,43,50.75,50.75,32.6,High
STU0258,female,Group A,some high school,free/reduced,none,4.1,64.1,yes,yes,45,47,65,56,53.25,53.25,38.04,High
STU0539,female,Group A,bachelor's degree,standard,none,5.5,84.0,no,yes,91,81,64,79,78.75,78.75,61.19,Medium
STU0336,male,Group E,master's degree,free/reduced,completed,9.0,81.6,yes,no,79,78,87,72,79.0,79.0,64.71,Medium
STU0016,male,Group B,master's degree,free/reduced,completed,2.6,86.0,no,no,76,75,71,78,75.0,75.0,45.84,High
STU0325,male,Group A,high school,free/reduced,none,6.8,91.8,yes,no,45,61,55,38,49.75,49.75,44.43,High
STU0759,male,Group C,some high school,standard,completed,10.1,87.9,no,no,83,74,74,71,75.5,75.5,56.76,Medium
STU0223,female,Group B,master's degree,standard,none,1.7,86.3,yes,yes,79,77,71,53,70.0,70.0,49.72,High
STU0180,male,Group C,associate's degree,standard,none,3.1,66.0,no,no,64,65,49,57,58.75,58.75,41.34,High
STU0984,male,Group B,some college,free/reduced,none,2.1,83.5,no,yes,54,68,61,68,62.75,62.75,40.24,High
STU0023,female,Group E,bachelor's degree,free/reduced,completed,9.9,85.8,yes,no,78,86,79,74,79.25,79.25,73.71,Low
STU0357,male,Group E,some high school,free/reduced,none,7.7,94.7,no,yes,76,77,69,61,70.75,70.75,63.56,Medium
STU0667,male,Group C,some college,free/reduced,completed,7.0,90.1,no,no,72,74,81,78,76.25,76.25,52.42,Medium
STU0862,female,Group A,bachelor's degree,standard,completed,5.4,94.9,yes,yes,73,70,83,76,75.5,75.5,66.05,Low
STU0341,male,Group A,some high school,free/reduced,none,6.0,98.2,no,no,46,45,45,40,44.0,44.0,30.35,High
STU0432,female,Group B,associate's degree,free/reduced,none,4.0,83.6,no,yes,57,67,59,64,61.75,61.75,38.97,High
STU0552,male,Group D,bachelor's degree,free/reduced,none,5.3,65.3,yes,yes,77,86,76,78,79.25,79.25,51.64,Medium
STU0834,female,Group C,associate's degree,standard,none,3.5,81.1,no,no,69,65,60,63,64.25,64.25,45.28,High
STU0204,female,Group B,high school,free/reduced,none,6.0,96.5,yes,yes,63,57,60,44,56.0,56.0,43.48,High
STU0631,male,Group E,some high school,free/reduced,none,5.5,74.9,yes,no,49,52,71,69,60.25,60.25,33.29,High
STU0094,male,Group A,some college,standard,none,5.8,94.2,yes,no,88,85,81,85,84.75,84.75,62.65,Medium
STU0559,female,Group D,master's degree,free/reduced,completed,8.3,89.9,yes,no,75,94,74,80,80.75,80.75,63.87,Medium
STU0069,female,Group B,master's degree,free/reduced,none,4.8,82.2,no,yes,63,77,76,73,72.25,72.25,55.37,Medium
STU0623,male,Group B,associate's degree,free/reduced,completed,5.9,90.2,yes,no,72,83,80,66,75.25,75.25,70.47,Low
STU0285,female,Group E,bachelor's degree,free/reduced,completed,7.3,94.0,no,no,51,68,86,70,68.75,68.75,45.0,High
STU0845,male,Group B,bachelor's degree,standard,none,3.3,90.6,yes,no,75,72,66,85,74.5,74.5,63.33,Medium
STU0435,female,Group C,high school,standard,none,8.6,90.1,no,yes,70,56,67,75,67.0,67.0,57.57,Medium
STU0154,male,Group C,high school,free/reduced,none,3.0,89.8,yes,no,60,71,70,61,65.5,65.5,36.74,High
STU0076,female,Group D,associate's degree,standard,none,6.9,77.6,no,no,75,78,84,85,80.5,80.5,58.81,Medium
STU0731,female,Group C,master's degree,free/reduced,completed,3.9,80.9,no,yes,75,83,78,79,78.75,78.75,68.79,Low
STU0447,male,Group B,some college,standard,completed,6.9,93.4,no,no,85,85,81,76,81.75,81.75,55.81,Medium
STU0189,male,Group E,master's degree,standard,completed,4.9,89.5,no,no,64,79,67,65,68.75,68.75,59.39,Medium
STU0272,female,Group D,bachelor's degree,free/reduced,none,3.4,77.2,yes,no,50,58,52,61,55.25,55.25,36.36,High
STU0237,female,Group C,high school,standard,completed,1.1,90.0,yes,no,71,72,65,75,70.75,70.75,50.45,Medium
STU0488,male,Group E,high school,standard,none,1.7,100.0,no,yes,69,73,72,57,67.75,67.75,49.53,High
STU0118,female,Group E,some high school,free/reduced,none,2.3,83.0,yes,yes,74,72,75,73,73.5,73.5,56.84,Medium
STU0944,female,Group E,some high school,standard,completed,1.6,100.0,no,yes,73,82,80,78,78.25,78.25,66.24,Low
STU0513,female,Group E,high school,standard,completed,7.0,93.0,yes,yes,84,92,89,81,86.5,86.5,87.72,Low
STU0826,female,Group B,bachelor's degree,free/reduced,completed,8.0,80.6,no,no,74,80,67,73,73.5,73.5,56.53,Medium
STU0592,male,Group E,master's degree,free/reduced,completed,6.4,80.4,no,yes,72,91,63,73,74.75,74.75,61.6,Medium
STU0127,female,Group C,high school,standard,none,7.6,88.2,yes,no,73,63,55,57,62.0,62.0,44.99,High
STU0117,male,Group D,some high school,free/reduced,none,4.8,84.8,no,yes,64,71,73,64,68.0,68.0,50.34,Medium
STU0474,female,Group E,associate's degree,standard,completed,10.6,70.6,no,no,75,89,74,73,77.75,77.75,72.61,Low
STU0694,male,Group E,master's degree,standard,completed,5.3,100.0,yes,yes,100,100,97,100,99.25,99.25,86.27,Low
STU0058,male,Group D,some high school,standard,none,8.5,74.7,no,yes,74,79,71,64,72.0,72.0,44.95,High
STU0864,male,Group B,some high school,standard,none,3.2,92.4,no,yes,60,63,76,65,66.0,66.0,46.11,High
STU0913,female,Group A,some high school,free/reduced,none,4.9,81.3,no,yes,59,62,57,56,58.5,58.5,39.92,High
STU0370,female,Group E,bachelor's degree,standard,completed,4.7,56.3,no,yes,53,67,63,63,61.5,61.5,59.84,Medium
STU0269,male,Group E,master's degree,free/reduced,completed,3.5,76.4,yes,yes,75,69,71,69,71.0,71.0,62.03,Medium
STU0047,male,Group D,bachelor's degree,free/reduced,completed,6.1,93.3,yes,yes,87,86,85,83,85.25,85.25,86.17,Low
STU0350,female,Group E,master's degree,standard,none,3.3,78.3,no,yes,88,90,84,89,87.75,87.75,59.5,Medium
STU0196,female,Group E,high school,standard,none,4.4,85.5,yes,no,56,61,62,56,58.75,58.75,44.57,High
STU1000,male,Group D,high school,free/reduced,completed,12.9,68.5,yes,no,63,82,61,71,69.25,69.25,61.29,Medium
STU0835,female,Group C,high school,standard,none,2.2,65.9,yes,no,71,78,75,81,76.25,76.25,56.99,Medium
STU0737,male,Group C,high school,standard,none,8.0,81.4,no,no,86,89,83,75,83.25,83.25,58.13,Medium
STU0264,female,Group E,some high school,standard,completed,4.7,78.4,yes,no,73,78,83,84,79.5,79.5,63.41,Medium
STU0444,female,Group C,associate's degree,free/reduced,none,4.8,76.9,no,no,77,68,75,66,71.5,71.5,37.26,High
STU0676,female,Group C,associate's degree,free/reduced,none,4.6,92.0,yes,no,55,59,64,45,55.75,55.75,40.73,High
STU0305,female,Group E,some high school,standard,completed,2.6,85.1,yes,yes,66,70,76,81,73.25,73.25,60.23,Medium
STU0342,male,Group B,some high school,standard,none,10.7,70.1,no,no,49,72,58,59,59.5,59.5,42.84,High
STU0967,male,Group E,bachelor's degree,free/reduced,none,7.3,72.1,yes,no,64,62,61,77,66.0,66.0,41.51,High
STU0150,male,Group A,master's degree,free/reduced,none,4.8,92.3,no,yes,96,78,79,94,86.75,86.75,57.7,Medium
STU0125,female,Group E,some college,standard,none,10.5,98.5,no,no,79,84,79,79,80.25,80.25,69.83,Low
STU0787,female,Group A,high school,standard,none,5.7,74.6,yes,yes,77,71,66,60,68.5,68.5,44.28,High
STU0051,male,Group D,some high school,standard,none,5.0,86.2,no,yes,73,81,76,76,76.5,76.5,61.51,Medium
STU0354,male,Group C,high school,free/reduced,completed,5.5,82.7,no,no,88,67,91,69,78.75,78.75,60.84,Medium
STU0928,male,Group C,some high school,standard,completed,4.9,75.7,yes,yes,63,76,73,76,72.0,72.0,62.31,Medium
STU0143,male,Group A,master's degree,standard,none,5.7,84.4,no,yes,76,89,64,63,73.0,73.0,55.49,Medium
STU0471,male,Group E,associate's degree,standard,none,4.3,92.4,no,no,77,75,82,80,78.5,78.5,57.31,Medium
STU0400,male,Group A,some high school,standard,completed,5.7,71.0,no,no,71,59,64,72,66.5,66.5,46.54,High
STU0626,female,Group B,some high school,standard,completed,4.8,80.7,yes,no,67,68,56,53,61.0,61.0,52.19,Medium
STU0321,male,Group C,high school,free/reduced,completed,6.5,84.5,no,no,84,82,69,75,77.5,77.5,58.83,Medium
STU0020,male,Group E,bachelor's degree,standard,none,0.8,78.7,no,yes,83,75,79,68,76.25,76.25,45.4,High
STU0810,male,Group D,bachelor's degree,free/reduced,none,6.0,73.0,no,no,44,53,40,47,46.0,46.0,28.07,High
STU0791,male,Group B,high school,free/reduced,none,1.7,81.2,no,yes,55,63,76,58,63.0,63.0,37.32,High
STU0809,female,Group B,some high school,standard,none,5.7,70.4,no,no,67,84,76,72,74.75,74.75,49.2,High
STU0408,male,Group E,bachelor's degree,standard,none,3.7,100.0,yes,no,68,74,65,73,70.0,70.0,63.51,Medium
STU0538,female,Group B,some high school,free/reduced,none,4.8,76.7,yes,no,67,68,77,64,69.0,69.0,40.66,High
STU0621,male,Group D,master's degree,standard,completed,3.6,90.9,yes,no,78,81,84,80,80.75,80.75,59.77,Medium
STU0039,female,Group B,master's degree,free/reduced,completed,5.3,72.4,no,no,73,70,76,73,73.0,73.0,54.21,Medium
STU0176,female,Group A,high school,standard,completed,8.8,80.4,yes,no,69,72,79,76,74.0,74.0,67.53,Low
STU0246,female,Group E,some high school,standard,completed,6.0,77.0,no,yes,70,70,77,74,72.75,72.75,59.46,Medium
STU0829,female,Group B,master's degree,standard,none,3.5,82.7,yes,no,75,76,74,80,76.25,76.25,53.17,Medium
STU0668,female,Group A,associate's degree,free/reduced,completed,7.7,93.8,yes,no,81,77,76,75,77.25,77.25,53.38,Medium
STU0755,male,Group B,high school,standard,none,9.5,88.3,yes,no,67,73,77,67,71.0,71.0,62.94,Medium
STU0859,male,Group E,some college,free/reduced,none,4.7,89.3,yes,yes,66,60,74,66,66.5,66.5,58.29,Medium
STU0155,male,Group C,bachelor's degree,free/reduced,completed,2.2,85.0,no,no,60,69,71,71,67.75,67.75,54.96,Medium
STU0288,female,Group A,associate's degree,standard,completed,12.7,75.7,yes,no,75,77,74,59,71.25,71.25,65.13,Low
STU0603,male,Group D,master's degree,free/reduced,none,10.8,82.4,yes,yes,74,84,81,95,83.5,83.5,67.71,Low
STU0570,female,Group A,some college,standard,none,3.6,87.9,yes,yes,97,91,90,92,92.5,92.5,63.33,Medium
STU0744,female,Group B,associate's degree,free/reduced,completed,8.9,63.9,no,no,64,80,92,55,72.75,72.75,57.05,Medium
STU0018,male,Group C,associate's degree,standard,none,6.4,93.2,yes,no,100,94,84,74,88.0,88.0,68.73,Low
STU0128,male,Group C,master's degree,free/reduced,none,5.6,81.0,no,yes,71,72,71,71,71.25,71.25,55.89,Medium
STU0323,male,Group B,master's degree,free/reduced,completed,3.2,73.4,yes,yes,90,78,89,81,84.5,84.5,67.18,Low
STU0256,male,Group C,associate's degree,free/reduced,completed,8.1,91.3,yes,no,80,80,81,91,83.0,83.0,70.77,Low
STU0658,female,Group D,high school,standard,completed,6.9,70.3,yes,yes,69,74,75,72,72.5,72.5,66.65,Low
STU0965,male,Group E,high school,free/reduced,none,9.6,76.3,yes,no,52,71,69,61,63.25,63.25,39.78,High
STU0191,male,Group A,high school,free/reduced,none,1.9,53.8,no,no,44,46,54,55,49.75,49.75,19.31,High
STU0116,male,Group B,some college,free/reduced,none,4.6,74.5,no,no,53,59,71,57,60.0,60.0,37.78,High
STU0617,female,Group D,some college,standard,completed,9.7,95.6,no,no,78,98,89,83,87.0,87.0,70.09,Low
STU0607,female,Group E,associate's degree,free/reduced,completed,3.4,84.3,yes,no,63,80,56,64,65.75,65.75,56.12,Medium
STU0181,male,Group B,associate's degree,standard,completed,3.6,88.0,yes,no,74,66,68,81,72.25,72.25,66.91,Low
STU0302,male,Group B,bachelor's degree,free/reduced,completed,0.0,78.1,yes,yes,72,54,54,70,62.5,62.5,55.14,Medium
STU0760,male,Group A,some high school,free/reduced,completed,7.7,87.2,yes,no,47,80,61,80,67.0,67.0,46.95,High
STU0713,female,Group E,bachelor's degree,standard,none,6.2,79.6,yes,yes,63,77,85,81,76.5,76.5,63.17,Medium
STU0724,male,Group B,bachelor's degree,free/reduced,none,5.3,100.0,yes,yes,70,75,87,86,79.5,79.5,64.35,Medium
STU0686,male,Group E,some high school,standard,none,7.4,78.1,yes,no,79,77,76,84,79.0,79.0,54.08,Medium
STU0980,female,Group B,associate's degree,standard,completed,6.3,90.1,yes,yes,82,86,100,94,90.5,90.5,78.24,Low
STU0518,male,Group C,master's degree,standard,none,9.4,86.2,no,yes,78,78,98,78,83.0,83.0,67.97,Low
STU0985,male,Group D,associate's degree,standard,none,5.4,77.8,no,no,73,69,74,64,70.0,70.0,52.03,Medium
STU0046,female,Group C,some high school,standard,none,5.1,88.2,yes,no,67,76,85,70,74.5,74.5,49.76,High
STU0910,female,Group C,some college,free/reduced,completed,1.4,89.1,yes,no,52,72,57,52,58.25,58.25,49.15,High
STU0158,male,Group C,high school,standard,none,7.7,83.6,yes,yes,85,97,91,95,92.0,92.0,71.37,Low
STU0852,male,Group A,high school,standard,none,7.7,79.7,yes,no,68,75,67,74,71.0,71.0,54.69,Medium
STU0172,male,Group E,bachelor's degree,standard,completed,9.0,94.6,no,yes,82,82,69,77,77.5,77.5,75.27,Low
STU0017,female,Group E,some college,standard,completed,3.7,73.8,no,no,57,74,67,57,63.75,63.75,40.87,High
STU0512,female,Group D,some high school,standard,completed,4.3,92.3,no,yes,90,88,85,95,89.5,89.5,61.7,Medium
STU0049,male,Group C,some college,standard,none,1.0,75.3,yes,yes,76,77,66,57,69.0,69.0,49.69,High
STU0972,female,Group D,some college,standard,completed,6.2,83.3,no,no,78,84,90,82,83.5,83.5,58.07,Medium
STU0941,male,Group E,associate's degree,free/reduced,none,0.0,88.2,yes,yes,71,68,79,66,71.0,71.0,50.79,Medium
STU0516,male,Group C,associate's degree,free/reduced,completed,3.7,92.1,yes,no,63,68,62,68,65.25,65.25,49.59,High
STU0953,female,Group D,associate's degree,standard,completed,9.2,93.2,yes,no,90,88,81,81,85.0,85.0,76.99,Low
STU0481,male,Group E,bachelor's degree,standard,completed,1.6,83.0,yes,no,90,80,65,77,78.0,78.0,74.1,Low
STU0284,female,Group A,some high school,free/reduced,completed,6.8,92.7,no,no,64,57,65,69,63.75,63.75,43.4,High
STU0719,female,Group D,some college,free/reduced,completed,7.0,93.6,no,no,45,54,57,59,53.75,53.75,46.85,High
STU0878,female,Group A,some high school,free/reduced,completed,9.6,89.4,no,no,59,62,67,55,60.75,60.75,54.81,Medium
STU0226,male,Group B,some high school,free/reduced,none,5.4,88.9,no,no,51,57,44,58,52.5,52.5,33.69,High
STU0027,female,Group D,high school,standard,none,3.0,80.3,yes,no,63,76,72,71,70.5,70.5,53.44,Medium
STU0955,male,Group E,master's degree,free/reduced,none,4.4,78.7,no,yes,76,90,82,74,80.5,80.5,57.43,Medium
STU0438,male,Group A,some high school,standard,none,8.3,95.9,yes,yes,78,75,84,79,79.0,79.0,62.04,Medium
STU0952,male,Group A,associate's degree,standard,none,10.7,83.8,no,no,70,82,71,63,71.5,71.5,53.53,Medium
STU0365,female,Group B,high school,free/reduced,none,5.5,59.4,yes,yes,77,76,76,57,71.5,71.5,53.84,Medium
STU0230,male,Group D,some high school,free/reduced,completed,2.4,88.6,no,no,63,67,63,74,66.75,66.75,39.46,High
STU0038,male,Group E,bachelor's degree,standard,completed,6.3,79.9,no,no,66,77,57,71,67.75,67.75,53.03,Medium
STU0966,female,Group B,bachelor's degree,standard,completed,1.8,85.9,no,no,60,75,86,74,73.75,73.75,62.0,Medium
STU0375,male,Group B,associate's degree,free/reduced,none,5.3,100.0,no,no,54,55,76,66,62.75,62.75,42.27,High
STU0470,female,Group A,some college,free/reduced,none,5.0,92.3,no,no,54,59,52,61,56.5,56.5,27.96,High
STU0968,male,Group C,bachelor's degree,free/reduced,none,8.5,79.2,no,yes,74,69,75,57,68.75,68.75,56.19,Medium
STU0851,male,Group D,master's degree,standard,none,4.2,95.6,yes,yes,86,89,81,90,86.5,86.5,66.61,Low
STU0705,female,Group D,associate's degree,standard,completed,0.0,94.3,no,yes,58,80,83,78,74.75,74.75,61.86,Medium
STU0842,female,Group A,bachelor's degree,standard,completed,10.6,65.0,no,no,81,83,76,87,81.75,81.75,69.76,Low
STU0195,female,Group D,bachelor's degree,standard,none,3.9,80.0,yes,no,58,61,69,69,64.25,64.25,46.15,High
STU0855,male,Group C,high school,standard,completed,8.1,71.5,no,yes,78,83,77,89,81.75,81.75,67.28,Low
STU0865,male,Group A,some high school,free/reduced,none,7.4,100.0,yes,no,45,52,50,50,49.25,49.25,33.15,High
STU0504,female,Group E,high school,free/reduced,completed,3.0,73.4,yes,no,62,59,60,50,57.75,57.75,37.96,High
STU0970,female,Group B,master's degree,free/reduced,none,0.0,83.9,no,yes,63,72,69,63,66.75,66.75,32.14,High
STU0831,female,Group C,high school,free/reduced,none,7.0,81.4,yes,yes,56,62,65,58,60.25,60.25,49.24,High
STU0580,male,Group A,bachelor's degree,free/reduced,completed,3.0,71.0,no,yes,59,52,63,65,59.75,59.75,41.64,High
STU0969,female,Group D,some college,free/reduced,completed,0.0,81.5,yes,yes,77,67,67,68,69.75,69.75,52.9,Medium
STU0163,female,Group D,master's degree,standard,completed,1.1,76.7,no,no,57,67,53,69,61.5,61.5,48.09,High
STU0909,male,Group D,some college,free/reduced,none,7.1,88.6,yes,no,67,77,67,68,69.75,69.75,55.22,Medium
STU0153,male,Group D,master's degree,standard,none,0.4,59.3,no,no,65,58,65,59,61.75,61.75,37.63,High
STU0802,male,Group C,some college,free/reduced,none,2.3,76.9,no,yes,73,69,72,62,69.0,69.0,38.43,High
STU0994,female,Group C,high school,free/reduced,none,5.1,68.1,yes,yes,67,67,76,58,67.0,67.0,56.45,Medium
STU0756,female,Group D,bachelor's degree,standard,none,11.5,83.3,yes,yes,67,84,78,84,78.25,78.25,69.18,Low
STU0112,female,Group D,some high school,standard,none,0.0,65.3,no,no,46,50,52,48,49.0,49.0,28.82,High
STU0227,female,Group A,master's degree,standard,none,5.6,94.6,no,yes,51,69,67,67,63.5,63.5,52.15,Medium
STU0689,male,Group E,high school,free/reduced,none,5.7,73.6,no,no,45,58,59,58,55.0,55.0,33.05,High
STU0104,male,Group B,some high school,free/reduced,completed,0.3,84.3,no,no,53,64,40,58,53.75,53.75,41.16,High
STU0422,male,Group C,bachelor's degree,free/reduced,completed,6.3,85.4,no,no,55,60,65,67,61.75,61.75,44.98,High
STU0420,male,Group B,bachelor's degree,standard,none,7.8,75.1,yes,no,53,71,71,66,65.25,65.25,52.67,Medium
STU0751,male,Group C,some college,standard,completed,6.1,83.4,yes,yes,91,71,92,80,83.5,83.5,65.23,Low
STU0587,male,Group D,some college,free/reduced,completed,5.0,77.5,no,no,73,75,68,71,71.75,71.75,51.97,Medium
STU0781,male,Group C,some high school,standard,none,8.7,83.6,no,yes,77,81,78,64,75.0,75.0,57.71,Medium
STU0673,female,Group B,some college,standard,completed,5.5,80.5,yes,yes,84,87,75,73,79.75,79.75,71.37,Low
STU0120,male,Group C,associate's degree,free/reduced,completed,6.8,71.2,yes,yes,77,67,82,68,73.5,73.5,63.71,Medium
STU0054,male,Group B,associate's degree,free/reduced,none,3.0,80.1,yes,no,77,60,70,59,66.5,66.5,45.06,High
STU0152,male,Group E,high school,free/reduced,none,11.9,87.3,no,no,70,75,71,56,68.0,68.0,44.85,High
STU0404,female,Group E,some high school,standard,none,6.2,77.5,no,yes,63,70,57,61,62.75,62.75,56.43,Medium
STU0946,female,Group C,master's degree,free/reduced,none,6.7,77.3,no,no,57,59,52,56,56.0,56.0,39.69,High
STU0208,female,Group B,bachelor's degree,standard,none,6.6,64.6,no,yes,79,96,74,79,82.0,82.0,70.1,Low
STU0659,female,Group A,high school,standard,none,2.7,82.8,yes,yes,44,66,56,66,58.0,58.0,51.92,Medium
STU0844,male,Group A,some college,free/reduced,completed,7.0,87.6,no,no,67,65,62,68,65.5,65.5,50.24,Medium
STU0763,female,Group B,some high school,free/reduced,none,8.3,74.7,no,yes,68,70,66,66,67.5,67.5,58.87,Medium
STU0009,female,Group D,master's degree,free/reduced,completed,7.5,92.7,no,no,68,79,72,63,70.5,70.5,51.45,Medium
STU0808,male,Group B,some high school,standard,completed,5.9,86.9,yes,no,75,79,76,68,74.5,74.5,65.23,Low
STU0037,male,Group A,bachelor's degree,standard,completed,4.7,82.9,no,yes,76,87,62,75,75.0,75.0,64.3,Medium
STU0453,male,Group C,master's degree,free/reduced,completed,8.8,76.3,no,no,72,78,72,68,72.5,72.5,62.85,Medium
STU0652,female,Group C,some college,free/reduced,none,4.4,69.3,no,yes,69,63,63,68,65.75,65.75,39.22,High
STU0254,female,Group D,high school,free/reduced,completed,1.8,67.8,no,yes,47,69,64,75,63.75,63.75,40.66,High
STU0304,female,Group C,high school,free/reduced,completed,5.8,96.5,yes,yes,83,90,100,77,87.5,87.5,78.96,Low
STU0747,male,Group C,associate's degree,free/reduced,none,5.8,100.0,no,no,68,69,69,77,70.75,70.75,49.77,High
STU0572,female,Group A,high school,free/reduced,completed,7.3,88.9,yes,yes,82,75,75,79,77.75,77.75,69.61,Low
STU0624,male,Group C,some high school,standard,none,1.5,88.6,no,no,65,63,70,53,62.75,62.75,38.36,High
STU0733,female,Group B,some high school,free/reduced,completed,7.7,83.8,no,yes,84,85,84,68,80.25,80.25,67.04,Low
STU0892,female,Group A,master's degree,standard,none,3.3,78.1,yes,yes,77,78,75,74,76.0,76.0,73.0,Low
STU0263,male,Group D,some college,free/reduced,none,7.9,75.2,yes,yes,68,62,49,53,58.0,58.0,52.11,Medium
STU0611,female,Group E,bachelor's degree,standard,completed,4.0,87.0,yes,no,72,79,74,76,75.25,75.25,70.21,Low
STU0298,female,Group A,associate's degree,free/reduced,completed,6.9,76.3,yes,yes,71,73,78,62,71.0,71.0,58.33,Medium
STU0415,female,Group E,some college,standard,none,5.0,85.5,yes,no,86,82,78,89,83.75,83.75,64.94,Medium
STU0151,male,Group A,some high school,free/reduced,none,1.8,78.7,yes,yes,59,59,58,56,58.0,58.0,34.17,High
STU0789,female,Group C,some college,standard,completed,8.3,100.0,no,yes,68,81,64,75,72.0,72.0,75.76,Low
STU0641,male,Group E,some college,free/reduced,completed,6.0,68.4,yes,yes,68,69,80,73,72.5,72.5,66.35,Low
STU0890,female,Group E,some college,standard,completed,8.8,86.0,no,yes,71,76,67,70,71.0,71.0,58.27,Medium
STU0551,male,Group C,associate's degree,free/reduced,none,5.4,78.9,no,yes,71,62,70,57,65.0,65.0,47.84,High
STU0887,male,Group E,some high school,free/reduced,completed,7.8,83.5,yes,no,48,67,58,63,59.0,59.0,56.1,Medium
STU0489,male,Group B,high school,standard,completed,1.0,100.0,yes,yes,57,61,57,75,62.5,62.5,69.42,Low
STU0148,male,Group C,bachelor's degree,standard,none,3.4,85.6,no,no,74,66,78,67,71.25,71.25,51.83,Medium
STU0147,male,Group B,master's degree,free/reduced,none,4.3,80.0,yes,no,44,59,53,58,53.5,53.5,28.72,High
STU0721,male,Group B,high school,free/reduced,completed,12.3,90.2,yes,yes,87,75,76,71,77.25,77.25,83.43,Low
STU0932,male,Group A,some college,standard,completed,8.7,84.1,yes,yes,58,73,58,64,63.25,63.25,66.02,Low
STU0740,male,Group C,some high school,free/reduced,completed,7.1,82.3,no,no,67,68,68,69,68.0,68.0,48.53,High
STU0660,male,Group D,bachelor's degree,standard,completed,3.8,90.5,no,yes,63,79,75,73,72.5,72.5,73.1,Low
STU0349,female,Group C,associate's degree,free/reduced,none,6.6,85.0,yes,no,65,65,65,77,68.0,68.0,48.72,High
STU0464,female,Group B,associate's degree,standard,completed,7.0,81.4,yes,no,79,77,76,79,77.75,77.75,68.79,Low
STU0326,female,Group A,some high school,free/reduced,completed,4.0,99.5,yes,no,63,72,58,56,62.25,62.25,48.6,High
STU0187,male,Group D,some high school,standard,none,6.4,86.0,no,yes,67,66,62,65,65.0,65.0,45.59,High
STU0124,male,Group E,bachelor's degree,standard,completed,6.5,91.0,no,no,71,70,68,76,71.25,71.25,67.86,Low
STU0854,male,Group B,associate's degree,free/reduced,none,6.3,96.9,no,yes,37,55,48,54,48.5,48.5,42.57,High
STU0609,male,Group B,associate's degree,free/reduced,completed,3.1,85.0,yes,yes,61,79,66,56,65.5,65.5,55.54,Medium
STU0144,female,Group B,some high school,free/reduced,none,5.5,91.6,no,yes,62,74,73,67,69.0,69.0,55.45,Medium
STU0959,female,Group C,some high school,standard,completed,4.0,95.8,yes,no,65,79,85,73,75.5,75.5,67.87,Low
STU0198,female,Group E,bachelor's degree,standard,none,5.6,95.3,no,no,61,69,60,64,63.5,63.5,44.78,High
STU0610,male,Group E,bachelor's degree,free/reduced,completed,1.7,70.8,yes,yes,59,71,68,67,66.25,66.25,44.65,High
STU0280,female,Group C,master's degree,free/reduced,completed,1.9,100.0,yes,yes,62,72,71,64,67.25,67.25,57.03,Medium
STU0294,male,Group E,some high school,free/reduced,none,7.8,73.3,yes,yes,60,77,71,70,69.5,69.5,56.46,Medium
STU0401,female,Group C,high school,standard,none,3.9,96.8,yes,yes,80,78,72,77,76.75,76.75,63.91,Medium
STU0123,female,Group D,associate's degree,standard,none,8.6,79.5,yes,no,69,71,58,68,66.5,66.5,57.93,Medium
STU0184,male,Group D,master's degree,standard,none,8.3,84.4,yes,no,61,65,62,73,65.25,65.25,61.37,Medium
STU0203,male,Group E,some high school,free/reduced,none,13.7,64.5,yes,no,63,75,70,74,70.5,70.5,60.66,Medium
STU0439,female,Group A,some high school,free/reduced,completed,6.0,100.0,yes,no,67,70,59,68,66.0,66.0,47.15,High
STU0247,male,Group C,master's degree,standard,none,4.3,92.8,no,yes,74,80,89,68,77.75,77.75,65.61,Low
STU0416,male,Group C,some high school,standard,completed,1.0,80.6,yes,yes,77,80,75,76,77.0,77.0,60.47,Medium
STU0933,male,Group B,master's degree,free/reduced,completed,9.6,77.7,yes,yes,75,80,76,83,78.5,78.5,66.78,Low
STU0766,female,Group D,high school,standard,none,11.1,95.0,yes,yes,88,91,83,96,89.5,89.5,82.08,Low
STU0907,male,Group C,high school,standard,completed,8.0,78.5,no,yes,66,67,71,71,68.75,68.75,59.51,Medium
STU0836,female,Group C,some high school,free/reduced,none,7.1,67.3,yes,no,45,49,40,55,47.25,47.25,25.51,High
STU0888,female,Group C,bachelor's degree,free/reduced,none,1.8,83.5,yes,yes,68,76,59,70,68.25,68.25,54.54,Medium
STU0130,female,Group A,master's degree,standard,none,4.1,89.3,yes,yes,75,84,74,82,78.75,78.75,68.18,Low
STU0638,male,Group C,high school,standard,completed,8.5,100.0,yes,no,65,70,84,81,75.0,75.0,67.73,Low
STU0403,female,Group A,high school,free/reduced,none,1.8,97.3,yes,yes,85,90,81,68,81.0,81.0,47.91,High
STU0785,male,Group B,bachelor's degree,free/reduced,none,7.0,100.0,no,yes,70,78,83,79,77.5,77.5,49.89,High
STU0771,female,Group D,associate's degree,standard,completed,6.3,77.0,no,yes,76,92,84,85,84.25,84.25,54.56,Medium
STU0736,female,Group B,master's degree,standard,none,8.7,80.0,yes,yes,82,90,94,86,88.0,88.0,85.22,Low
STU0914,female,Group E,high school,standard,completed,5.4,79.2,no,no,60,71,73,68,68.0,68.0,60.83,Medium
STU0220,female,Group A,bachelor's degree,free/reduced,completed,3.7,77.8,no,yes,79,88,90,69,81.5,81.5,61.28,Medium
STU0642,female,Group D,bachelor's degree,standard,none,6.2,84.9,no,yes,71,74,65,68,69.5,69.5,54.61,Medium
STU0916,male,Group A,high school,free/reduced,none,0.0,71.6,no,yes,69,74,74,69,71.5,71.5,38.09,High
STU0753,male,Group B,some college,standard,completed,8.4,67.4,yes,yes,86,89,79,87,85.25,85.25,77.1,Low
STU0807,male,Group E,associate's degree,free/reduced,none,4.2,100.0,yes,no,75,73,76,73,74.25,74.25,49.6,High
STU0920,male,Group C,associate's degree,standard,none,0.0,84.6,yes,yes,65,76,72,64,69.25,69.25,54.29,Medium
STU0625,male,Group B,master's degree,free/reduced,none,3.9,76.5,yes,yes,80,73,79,74,76.5,76.5,51.06,Medium
STU0875,male,Group E,high school,standard,completed,4.7,84.4,no,no,83,76,71,77,76.75,76.75,60.09,Medium
STU0761,male,Group D,master's degree,free/reduced,completed,3.2,59.8,yes,no,61,65,62,75,65.75,65.75,49.1,High
STU0387,female,Group D,associate's degree,free/reduced,completed,5.9,94.7,yes,no,75,88,77,94,83.5,83.5,59.88,Medium
STU0973,female,Group B,some college,standard,none,12.6,72.1,yes,yes,83,85,81,80,82.25,82.25,71.27,Low
STU0510,male,Group D,some college,standard,completed,5.1,99.6,yes,no,64,57,69,68,64.5,64.5,55.18,Medium
STU0268,male,Group E,associate's degree,free/reduced,completed,6.2,93.3,yes,no,83,76,74,94,81.75,81.75,67.3,Low
STU0820,female,Group C,some college,standard,completed,4.8,82.6,yes,yes,75,81,75,72,75.75,75.75,65.41,Low
STU0442,male,Group C,associate's degree,free/reduced,none,1.2,82.8,yes,yes,73,86,79,79,79.25,79.25,46.67,High
STU0497,male,Group D,some college,free/reduced,completed,3.8,72.6,yes,no,54,57,65,49,56.25,56.25,42.81,High
STU0113,male,Group A,high school,standard,none,3.6,74.5,yes,yes,61,77,74,72,71.0,71.0,62.01,Medium
STU0692,male,Group C,master's degree,standard,none,4.9,83.6,yes,no,74,73,73,74,73.5,73.5,49.18,High
STU0233,female,Group A,some high school,free/reduced,none,5.0,95.5,yes,yes,57,73,62,77,67.25,67.25,58.39,Medium
STU0870,male,Group D,high school,standard,none,8.2,91.8,no,yes,74,76,80,71,75.25,75.25,61.37,Medium
STU0608,male,Group E,high school,free/reduced,completed,1.4,76.9,no,no,52,47,59,59,54.25,54.25,36.24,High
STU0672,male,Group B,some college,standard,none,5.5,100.0,no,no,78,78,74,77,76.75,76.75,61.65,Medium
STU0374,female,Group D,bachelor's degree,standard,none,1.8,79.1,yes,no,82,76,82,77,79.25,79.25,62.17,Medium
STU0982,female,Group A,some college,free/reduced,none,1.3,90.5,yes,no,71,78,54,61,66.0,66.0,37.7,High
STU0843,male,Group E,bachelor's degree,free/reduced,none,10.5,95.1,no,no,61,62,78,63,66.0,66.0,60.91,Medium
STU0234,male,Group E,master's degree,free/reduced,completed,6.3,85.7,yes,yes,83,79,81,85,82.0,82.0,67.56,Low
STU0786,female,Group E,high school,standard,completed,7.1,100.0,no,no,72,85,75,90,80.5,80.5,61.24,Medium
STU0677,male,Group B,some high school,free/reduced,none,2.5,89.6,yes,no,70,61,69,72,68.0,68.0,34.01,High
STU0318,female,Group C,some college,free/reduced,none,3.1,66.2,no,yes,68,69,68,62,66.75,66.75,45.67,High
STU0649,male,Group D,some high school,standard,none,2.5,86.5,no,yes,71,75,67,73,71.5,71.5,53.35,Medium
STU0411,female,Group A,associate's degree,standard,none,10.4,92.5,yes,yes,87,77,86,70,80.0,80.0,78.94,Low
STU0899,male,Group B,high school,standard,completed,6.1,90.6,no,yes,77,69,70,69,71.25,71.25,56.95,Medium
STU0710,female,Group B,associate's degree,standard,none,5.6,80.7,yes,no,65,62,73,71,67.75,67.75,55.54,Medium
STU0359,female,Group D,master's degree,standard,none,2.5,70.2,yes,no,85,78,80,63,76.5,76.5,47.47,High
STU0259,female,Group A,some high school,free/reduced,none,4.6,82.1,no,no,59,66,61,58,61.0,61.0,28.65,High
STU0745,female,Group E,master's degree,standard,completed,0.4,88.7,no,no,73,70,79,63,71.25,71.25,58.51,Medium
STU0628,female,Group D,bachelor's degree,standard,completed,2.9,78.4,yes,yes,78,70,80,70,74.5,74.5,57.36,Medium
STU0633,female,Group E,some high school,free/reduced,completed,4.7,79.7,no,yes,65,62,72,59,64.5,64.5,48.47,High
STU0283,male,Group D,high school,standard,none,6.4,86.7,no,yes,85,70,78,83,79.0,79.0,60.12,Medium
STU0377,male,Group C,high school,free/reduced,completed,4.7,92.1,no,no,76,79,82,87,81.0,81.0,54.71,Medium
STU0385,female,Group B,master's degree,free/reduced,none,1.1,92.5,yes,no,67,76,64,65,68.0,68.0,50.71,Medium
STU0225,male,Group A,master's degree,free/reduced,completed,6.3,80.7,no,yes,57,61,61,57,59.0,59.0,49.35,High
STU0954,male,Group D,associate's degree,standard,none,3.2,84.0,no,no,58,71,70,78,69.25,69.25,35.64,High
STU0815,female,Group E,some high school,free/reduced,completed,6.7,82.5,no,no,39,45,46,53,45.75,45.75,37.06,High
STU0473,male,Group C,bachelor's degree,standard,completed,3.0,89.1,yes,yes,67,86,71,75,74.75,74.75,73.18,Low
STU0348,female,Group A,high school,free/reduced,completed,7.1,78.9,no,no,57,76,62,69,66.0,66.0,54.73,Medium
STU0506,female,Group A,associate's degree,standard,completed,5.8,82.3,no,yes,66,73,77,76,73.0,73.0,59.63,Medium
STU0640,female,Group C,bachelor's degree,free/reduced,none,5.5,92.7,no,no,80,84,77,72,78.25,78.25,56.68,Medium
STU0988,female,Group D,some high school,standard,none,1.8,92.8,yes,no,78,64,71,72,71.25,71.25,45.95,High
STU0929,male,Group C,high school,standard,completed,6.1,68.1,yes,no,72,76,82,70,75.0,75.0,65.65,Low
STU0906,male,Group D,some college,standard,none,8.6,73.6,yes,yes,65,78,86,73,75.5,75.5,65.66,Low
STU0620,female,Group C,bachelor's degree,free/reduced,none,5.3,64.0,yes,yes,89,78,64,80,77.75,77.75,50.22,Medium
STU0856,male,Group C,high school,free/reduced,completed,10.5,75.3,no,yes,75,77,82,75,77.25,77.25,50.5,Medium
STU0804,female,Group E,some high school,standard,none,5.4,100.0,yes,no,70,88,78,72,77.0,77.0,59.91,Medium
STU0646,female,Group B,associate's degree,free/reduced,completed,5.4,67.7,no,no,74,70,70,60,68.5,68.5,40.66,High
STU0847,male,Group B,some high school,standard,completed,10.5,68.6,yes,no,91,80,77,69,79.25,79.25,72.15,Low
STU0557,male,Group C,high school,standard,none,9.4,84.1,no,yes,68,65,74,75,70.5,70.5,72.98,Low
STU0958,male,Group C,associate's degree,standard,none,2.4,79.5,no,no,66,63,72,61,65.5,65.5,36.61,High
STU0578,female,Group A,associate's degree,standard,completed,0.0,73.0,yes,no,89,82,87,87,86.25,86.25,63.74,Medium
STU0796,male,Group D,associate's degree,standard,none,8.5,100.0,yes,no,77,77,77,90,80.25,80.25,61.26,Medium
STU0086,male,Group C,bachelor's degree,free/reduced,none,7.8,90.9,yes,no,75,79,77,85,79.0,79.0,68.0,Low
STU0243,female,Group E,high school,standard,completed,5.4,71.2,no,no,59,59,67,57,60.5,60.5,33.47,High
STU0699,male,Group A,some college,standard,completed,4.0,85.7,yes,yes,78,75,69,74,74.0,74.0,65.77,Low
STU0160,male,Group E,some college,standard,completed,4.5,88.1,no,yes,74,73,85,77,77.25,77.25,63.35,Medium
STU0525,female,Group B,some high school,standard,completed,7.1,73.0,yes,no,73,84,71,66,73.5,73.5,60.77,Medium
STU0036,female,Group A,some high school,free/reduced,completed,6.8,64.8,yes,yes,74,67,70,74,71.25,71.25,57.2,Medium
STU0541,female,Group A,associate's degree,standard,completed,3.5,85.1,no,no,60,56,58,67,60.25,60.25,49.45,High
STU0171,female,Group D,master's degree,standard,none,4.4,94.1,no,no,68,63,67,55,63.25,63.25,54.61,Medium
STU0655,female,Group B,high school,free/reduced,none,4.0,100.0,no,yes,57,57,63,55,58.0,58.0,42.84,High
STU0891,male,Group D,high school,free/reduced,completed,7.2,85.8,yes,yes,64,64,67,60,63.75,63.75,53.71,Medium
STU0858,male,Group A,associate's degree,standard,completed,2.7,100.0,yes,yes,98,98,89,100,96.25,96.25,80.79,Low
STU0848,female,Group A,bachelor's degree,free/reduced,none,3.3,83.0,no,yes,66,65,57,48,59.0,59.0,49.99,High
STU0945,female,Group B,bachelor's degree,free/reduced,completed,5.9,91.4,yes,no,77,78,87,74,79.0,79.0,65.46,Low
STU0734,male,Group D,some college,free/reduced,none,3.8,65.9,yes,yes,71,67,76,64,69.5,69.5,60.88,Medium
STU0096,female,Group C,some college,free/reduced,completed,9.0,91.0,yes,yes,87,87,73,84,82.75,82.75,71.12,Low
STU0564,female,Group E,some high school,free/reduced,none,3.5,100.0,no,yes,61,66,74,67,67.0,67.0,47.13,High
STU0241,female,Group B,master's degree,standard,none,2.4,95.3,yes,yes,73,68,60,62,65.75,65.75,49.83,High
STU0743,male,Group B,some high school,standard,none,2.4,92.4,no,no,67,55,56,69,61.75,61.75,24.87,High
STU0575,female,Group D,associate's degree,free/reduced,completed,6.2,80.8,no,yes,82,77,80,86,81.25,81.25,74.47,Low
STU0691,female,Group D,some high school,free/reduced,completed,7.4,91.0,yes,no,67,64,55,66,63.0,63.0,54.06,Medium
STU0461,female,Group B,associate's degree,free/reduced,none,3.7,90.2,no,no,57,57,64,53,57.75,57.75,39.05,High
STU0554,female,Group A,some college,free/reduced,none,2.7,92.0,no,no,48,60,51,58,54.25,54.25,24.12,High
STU0889,female,Group C,associate's degree,free/reduced,completed,5.0,82.5,no,no,69,73,72,61,68.75,68.75,55.02,Medium
STU0207,female,Group A,associate's degree,free/reduced,completed,5.0,76.4,no,no,67,64,57,57,61.25,61.25,34.96,High
STU0393,female,Group B,some high school,free/reduced,none,9.0,95.7,yes,no,82,70,88,67,76.75,76.75,59.99,Medium
STU0795,female,Group E,associate's degree,free/reduced,none,11.3,77.6,yes,yes,85,94,93,95,91.75,91.75,69.64,Low
STU0398,female,Group B,associate's degree,standard,completed,7.9,85.9,yes,yes,90,85,81,84,85.0,85.0,80.42,Low
STU0767,male,Group A,associate's degree,standard,completed,9.1,81.7,no,no,75,82,67,80,76.0,76.0,63.32,Medium
STU0849,male,Group C,some high school,free/reduced,completed,4.5,71.8,no,yes,45,43,47,55,47.5,47.5,35.06,High
STU0218,female,Group A,some high school,standard,none,1.7,81.9,no,yes,58,58,68,62,61.5,61.5,35.03,High
STU0005,female,Group B,high school,free/reduced,completed,4.1,75.0,yes,no,73,68,62,61,66.0,66.0,51.03,Medium
STU0769,female,Group A,some college,free/reduced,none,8.2,79.0,yes,yes,60,55,74,61,62.5,62.5,47.49,High
STU0643,female,Group A,master's degree,free/reduced,none,6.7,89.1,yes,yes,73,71,54,67,66.25,66.25,62.11,Medium
STU0930,male,Group A,some high school,free/reduced,none,9.5,92.3,yes,yes,46,71,64,57,59.5,59.5,59.78,Medium
STU0613,male,Group E,associate's degree,standard,none,7.2,97.8,no,no,74,67,79,78,74.5,74.5,58.48,Medium
STU0739,male,Group B,some high school,free/reduced,completed,10.3,81.4,yes,yes,66,80,83,85,78.5,78.5,70.9,Low
STU0547,male,Group A,associate's degree,standard,none,5.1,92.1,yes,no,56,57,73,68,63.5,63.5,37.95,High
STU0726,female,Group B,master's degree,free/reduced,completed,4.2,68.7,no,yes,82,75,74,68,74.75,74.75,55.25,Medium
STU0684,female,Group E,high school,free/reduced,completed,2.8,89.3,yes,yes,85,80,82,74,80.25,80.25,60.55,Medium
STU0099,male,Group C,high school,free/reduced,completed,5.5,86.7,yes,no,64,62,67,61,63.5,63.5,43.49,High
STU0805,male,Group B,associate's degree,free/reduced,none,4.9,100.0,no,no,66,73,73,71,70.75,70.75,56.34,Medium
STU0728,female,Group D,high school,free/reduced,completed,6.3,81.0,no,no,69,67,60,68,66.0,66.0,47.12,High
STU0574,female,Group E,some high school,standard,none,4.7,89.1,no,no,79,62,68,76,71.25,71.25,56.92,Medium
STU0407,male,Group D,bachelor's degree,free/reduced,none,7.9,86.0,no,no,75,69,83,73,75.0,75.0,54.72,Medium
STU0503,male,Group E,high school,free/reduced,completed,9.7,94.6,no,yes,73,77,77,64,72.75,72.75,57.03,Medium
STU0048,male,Group E,some high school,free/reduced,completed,4.9,62.0,no,yes,70,77,83,63,73.25,73.25,44.59,High
STU0033,female,Group D,associate's degree,standard,none,6.7,79.9,yes,yes,68,79,78,80,76.25,76.25,59.89,Medium
STU0780,male,Group B,master's degree,standard,none,5.2,100.0,no,yes,77,81,73,72,75.75,75.75,60.02,Medium
STU0840,female,Group B,master's degree,standard,completed,6.0,75.4,no,no,60,69,72,56,64.25,64.25,51.72,Medium
STU0201,female,Group A,bachelor's degree,standard,none,5.3,96.5,no,no,70,81,90,85,81.5,81.5,60.74,Medium
STU0135,female,Group D,high school,standard,none,4.9,66.5,yes,yes,66,75,83,61,71.25,71.25,61.31,Medium
STU0028,female,Group B,some high school,standard,none,7.0,98.7,no,no,62,68,70,69,67.25,67.25,45.19,High
STU0881,male,Group D,master's degree,free/reduced,completed,5.9,96.7,no,yes,77,63,65,67,68.0,68.0,64.34,Medium
STU0231,male,Group A,some college,free/reduced,none,3.9,84.1,no,no,52,58,52,64,56.5,56.5,28.35,High
STU0490,female,Group A,some college,standard,none,4.2,69.5,no,no,45,48,45,49,46.75,46.75,31.82,High
STU0773,female,Group E,bachelor's degree,standard,completed,3.4,84.4,no,no,48,59,63,43,53.25,53.25,40.83,High
STU0379,male,Group D,some high school,standard,none,5.0,84.1,yes,no,63,70,76,73,70.5,70.5,53.91,Medium
STU0289,female,Group B,some high school,free/reduced,none,6.5,78.6,yes,no,72,83,76,79,77.5,77.5,53.45,Medium
STU0419,female,Group C,some college,standard,none,1.4,81.4,yes,yes,74,79,69,74,74.0,74.0,56.69,Medium
STU0675,male,Group A,high school,standard,none,1.0,74.9,yes,no,67,68,72,51,64.5,64.5,46.85,High
STU0392,female,Group B,some college,standard,none,3.5,88.1,no,yes,71,79,74,73,74.25,74.25,49.15,High
STU0593,female,Group C,bachelor's degree,standard,completed,3.3,93.9,yes,yes,87,89,89,88,88.25,88.25,75.15,Low
STU0499,female,Group C,some college,free/reduced,none,3.2,77.2,yes,yes,59,66,53,59,59.25,59.25,37.05,High
STU0139,female,Group D,master's degree,free/reduced,none,2.4,91.7,no,yes,54,70,66,71,65.25,65.25,45.32,High
STU0063,male,Group E,associate's degree,standard,completed,0.4,80.3,no,no,44,65,61,50,55.0,55.0,30.09,High
STU0472,male,Group D,some high school,free/reduced,none,8.1,92.3,no,no,49,64,63,67,60.75,60.75,38.06,High
STU0648,male,Group C,high school,free/reduced,none,11.4,99.3,yes,yes,58,62,64,63,61.75,61.75,76.0,Low
STU0129,female,Group A,high school,free/reduced,completed,0.0,80.0,no,yes,43,46,52,53,48.5,48.5,35.29,High
STU0977,male,Group A,some high school,free/reduced,none,5.8,88.1,yes,no,55,59,68,58,60.0,60.0,27.09,High
STU0521,male,Group C,associate's degree,standard,none,1.8,69.4,yes,no,59,70,73,62,66.0,66.0,36.53,High
STU0839,male,Group A,some high school,standard,none,2.7,84.0,no,yes,58,69,72,70,67.25,67.25,45.39,High
STU0963,male,Group D,some high school,standard,none,3.8,97.0,no,no,66,62,62,46,59.0,59.0,39.69,High
STU0065,male,Group A,high school,free/reduced,completed,5.8,83.1,no,no,68,73,64,73,69.5,69.5,59.16,Medium
STU0813,female,Group A,bachelor's degree,free/reduced,completed,5.4,93.5,yes,no,89,84,84,94,87.75,87.75,72.68,Low
STU0015,male,Group B,bachelor's degree,free/reduced,completed,3.8,68.1,yes,yes,66,74,72,82,73.5,73.5,56.12,Medium
STU0157,female,Group B,high school,standard,completed,5.0,66.8,yes,yes,91,79,84,76,82.5,82.5,63.14,Medium
STU0041,male,Group A,bachelor's degree,standard,none,7.7,81.9,yes,no,88,96,89,73,86.5,86.5,65.92,Low
STU0493,male,Group C,some high school,free/reduced,completed,8.9,89.2,yes,yes,83,77,73,68,75.25,75.25,71.46,Low
STU0380,female,Group C,some high school,free/reduced,completed,2.1,87.9,yes,yes,76,76,74,68,73.5,73.5,56.65,Medium
STU0188,female,Group C,master's degree,free/reduced,completed,6.4,71.3,no,yes,69,77,76,88,77.5,77.5,63.14,Medium
STU0764,male,Group E,some high school,standard,completed,6.4,85.9,no,no,86,80,66,68,75.0,75.0,57.16,Medium
STU0217,male,Group B,bachelor's degree,free/reduced,completed,5.7,84.4,no,yes,71,73,64,68,69.0,69.0,62.32,Medium
STU0792,female,Group C,associate's degree,free/reduced,completed,8.3,86.6,yes,no,83,83,73,71,77.5,77.5,53.76,Medium
STU0053,male,Group B,associate's degree,free/reduced,none,8.5,98.6,yes,yes,83,77,71,71,75.5,75.5,56.88,Medium
STU0879,female,Group A,associate's degree,free/reduced,completed,5.6,100.0,yes,yes,85,85,88,83,85.25,85.25,82.71,Low
STU0338,female,Group D,high school,free/reduced,none,6.9,85.6,no,yes,62,76,64,75,69.25,69.25,58.11,Medium
STU0749,male,Group E,some high school,standard,completed,0.0,90.3,no,no,60,67,62,49,59.5,59.5,46.13,High
STU0720,male,Group C,high school,free/reduced,none,8.6,96.6,yes,no,62,58,61,64,61.25,61.25,30.59,High
STU0725,female,Group E,master's degree,standard,none,4.3,96.4,yes,yes,79,93,79,72,80.75,80.75,69.79,Low
STU0296,female,Group A,master's degree,standard,none,9.9,73.0,yes,no,78,93,86,83,85.0,85.0,64.94,Medium
STU0702,male,Group B,bachelor's degree,free/reduced,none,6.1,89.2,yes,no,68,72,84,80,76.0,76.0,53.08,Medium
STU0252,female,Group D,some high school,standard,completed,8.8,90.9,no,no,77,72,67,77,73.25,73.25,62.47,Medium
STU0727,male,Group D,master's degree,free/reduced,none,3.9,72.9,yes,yes,87,90,91,90,89.5,89.5,60.97,Medium
STU0462,male,Group D,bachelor's degree,standard,completed,12.9,98.9,no,yes,96,88,91,100,93.75,93.75,85.2,Low
STU0456,male,Group B,master's degree,standard,none,1.1,100.0,yes,yes,73,79,71,89,78.0,78.0,60.13,Medium
STU0997,male,Group C,high school,standard,completed,3.2,100.0,no,no,74,72,77,83,76.5,76.5,58.03,Medium
STU0816,female,Group E,master's degree,free/reduced,none,8.5,92.3,no,no,83,83,87,86,84.75,84.75,63.84,Medium
STU0863,female,Group E,bachelor's degree,standard,none,5.8,70.8,yes,no,56,63,76,62,64.25,64.25,50.06,Medium
STU0270,male,Group B,some high school,free/reduced,none,3.1,72.2,no,yes,61,62,54,63,60.0,60.0,32.98,High
STU0202,male,Group E,master's degree,standard,none,4.9,79.8,no,no,73,78,77,71,74.75,74.75,54.89,Medium
STU0162,female,Group E,bachelor's degree,standard,none,11.1,93.1,yes,yes,86,90,78,92,86.5,86.5,83.5,Low
STU0556,male,Group B,some college,standard,none,6.4,60.3,no,yes,62,72,64,73,67.75,67.75,49.22,High
STU0730,female,Group C,associate's degree,free/reduced,completed,6.1,75.1,yes,no,52,74,63,66,63.75,63.75,41.99,High
STU0402,female,Group A,master's degree,free/reduced,completed,8.4,78.0,yes,no,72,80,69,81,75.5,75.5,64.82,Medium
STU0703,female,Group C,bachelor's degree,free/reduced,none,5.2,82.9,no,no,66,81,66,68,70.25,70.25,36.29,High
STU0477,male,Group B,high school,standard,completed,5.2,88.4,no,yes,74,76,77,86,78.25,78.25,61.46,Medium
STU0822,male,Group C,some high school,standard,completed,4.5,70.3,no,no,68,71,54,57,62.5,62.5,44.17,High
STU0772,female,Group E,some college,free/reduced,none,5.3,100.0,yes,no,63,77,71,89,75.0,75.0,56.2,Medium
STU0106,male,Group B,some college,standard,completed,10.8,84.4,yes,yes,97,100,100,100,99.25,99.25,94.07,Low
STU0566,female,Group A,some college,standard,completed,2.5,87.5,no,no,67,76,62,66,67.75,67.75,51.37,Medium
STU0390,female,Group A,some high school,standard,none,10.0,92.6,yes,yes,84,78,80,74,79.0,79.0,63.28,Medium
STU0002,male,Group E,some high school,free/reduced,completed,5.5,74.6,yes,yes,79,77,82,78,79.0,79.0,57.39,Medium
STU0938,female,Group A,some college,standard,none,4.7,86.4,yes,yes,58,79,59,67,65.75,65.75,54.52,Medium
STU0983,male,Group C,associate's degree,free/reduced,none,6.0,84.1,yes,yes,75,64,63,62,66.0,66.0,50.59,Medium
STU0562,female,Group A,associate's degree,free/reduced,none,6.7,80.5,yes,yes,74,79,76,84,78.25,78.25,52.77,Medium
STU0081,male,Group A,master's degree,standard,completed,1.3,91.7,yes,yes,96,95,96,100,96.75,96.75,68.85,Low
STU0206,male,Group E,associate's degree,standard,completed,1.4,89.5,yes,yes,66,56,64,62,62.0,62.0,61.5,Medium
STU0035,female,Group B,high school,free/reduced,completed,5.2,100.0,yes,yes,86,81,78,92,84.25,84.25,72.7,Low
STU0776,female,Group D,some high school,free/reduced,completed,9.7,74.9,no,no,63,67,57,76,65.75,65.75,46.38,High
STU0509,male,Group A,associate's degree,free/reduced,completed,6.0,88.6,no,yes,63,66,53,63,61.25,61.25,52.25,Medium
STU0428,male,Group E,bachelor's degree,standard,none,5.8,94.4,yes,yes,92,86,85,92,88.75,88.75,67.99,Low
STU0455,female,Group B,master's degree,standard,none,3.7,82.6,no,no,60,70,79,71,70.0,70.0,40.61,High
STU0367,female,Group A,bachelor's degree,standard,completed,1.7,80.6,no,no,69,73,72,59,68.25,68.25,34.02,High
STU0092,female,Group E,master's degree,free/reduced,completed,2.3,71.7,yes,yes,76,82,77,79,78.5,78.5,60.87,Medium
STU0340,female,Group B,associate's degree,standard,none,5.3,71.5,no,no,65,68,68,73,68.5,68.5,39.43,High
STU0898,female,Group D,high school,standard,none,6.7,82.8,yes,yes,81,82,84,78,81.25,81.25,67.02,Low
STU0565,female,Group E,high school,standard,completed,9.1,75.8,yes,no,84,85,78,76,80.75,80.75,57.96,Medium
STU0346,male,Group A,high school,free/reduced,none,3.6,66.2,no,no,53,47,45,35,45.0,45.0,31.96,High
STU0777,female,Group B,bachelor's degree,free/reduced,completed,8.4,77.2,yes,no,75,76,70,73,73.5,73.5,58.56,Medium
STU0242,male,Group B,high school,free/reduced,completed,7.9,92.1,no,no,51,51,63,45,52.5,52.5,53.3,Medium
STU0014,male,Group E,bachelor's degree,free/reduced,none,2.9,81.7,no,no,52,62,46,58,54.5,54.5,33.74,High
STU0316,female,Group A,high school,standard,completed,4.9,100.0,no,yes,61,88,80,75,76.0,76.0,64.19,Medium
STU0601,male,Group E,master's degree,free/reduced,completed,5.6,90.0,yes,yes,86,80,73,94,83.25,83.25,68.1,Low
STU0388,female,Group A,bachelor's degree,free/reduced,completed,9.2,76.8,no,yes,91,84,86,94,88.75,88.75,78.38,Low
STU0274,female,Group E,some college,standard,none,0.6,84.2,no,yes,65,83,73,74,73.75,73.75,45.14,High
STU0167,female,Group D,high school,free/reduced,none,5.2,92.2,no,no,39,55,50,51,48.75,48.75,42.76,High
STU0841,male,Group C,associate's degree,standard,none,9.7,96.3,no,no,62,77,60,80,69.75,69.75,56.4,Medium
STU0993,male,Group C,high school,free/reduced,none,4.0,87.8,yes,yes,74,71,74,75,73.5,73.5,55.39,Medium
STU0647,female,Group D,some college,free/reduced,completed,8.3,100.0,yes,yes,83,84,80,99,86.5,86.5,76.5,Low
STU0819,male,Group B,bachelor's degree,standard,none,4.3,83.6,no,yes,85,60,70,75,72.5,72.5,49.43,High
STU0485,female,Group C,some college,free/reduced,none,4.1,70.7,yes,yes,58,51,59,47,53.75,53.75,40.74,High
STU0981,male,Group C,associate's degree,free/reduced,none,5.5,57.8,yes,no,52,66,66,63,61.75,61.75,40.15,High
STU0505,male,Group C,associate's degree,free/reduced,none,7.1,90.5,no,no,60,75,61,55,62.75,62.75,43.49,High
STU0832,male,Group E,some high school,standard,completed,2.8,65.7,yes,yes,73,75,72,81,75.25,75.25,65.75,Low
STU0244,female,Group E,associate's degree,free/reduced,completed,4.4,64.2,yes,no,53,57,73,61,61.0,61.0,44.78,High
STU0567,female,Group C,high school,free/reduced,completed,3.5,99.7,yes,no,74,86,65,73,74.5,74.5,59.36,Medium
STU0876,male,Group E,associate's degree,free/reduced,none,1.4,74.2,yes,no,53,52,60,44,52.25,52.25,21.47,High
STU0563,female,Group A,some college,free/reduced,completed,4.2,60.3,yes,yes,63,60,75,58,64.0,64.0,53.7,Medium
STU0687,female,Group D,master's degree,standard,completed,2.7,76.1,no,no,55,73,70,78,69.0,69.0,52.56,Medium
STU0190,male,Group B,some high school,standard,none,8.0,62.0,yes,yes,60,57,68,57,60.5,60.5,38.61,High
STU0783,female,Group B,high school,free/reduced,none,2.3,84.1,no,no,39,46,51,45,45.25,45.25,21.1,High
STU0700,male,Group E,associate's degree,standard,completed,8.1,88.3,yes,yes,91,91,87,92,90.25,90.25,79.53,Low
STU0476,male,Group E,bachelor's degree,standard,completed,4.6,75.8,no,yes,79,86,64,72,75.25,75.25,62.67,Medium
STU0682,male,Group A,high school,free/reduced,none,9.1,85.8,yes,yes,61,81,63,63,67.0,67.0,59.84,Medium
STU0511,male,Group B,bachelor's degree,free/reduced,none,8.6,93.5,no,no,65,77,70,63,68.75,68.75,42.12,High
STU0059,female,Group E,some college,standard,none,2.4,79.0,no,no,76,73,59,66,68.5,68.5,40.55,High
STU0475,female,Group E,high school,free/reduced,none,4.5,91.9,yes,no,51,45,48,59,50.75,50.75,35.98,High
STU0561,female,Group D,high school,standard,completed,6.1,83.5,yes,yes,84,86,81,95,86.5,86.5,68.46,Low
STU0857,female,Group B,bachelor's degree,standard,completed,0.0,98.0,yes,no,96,85,77,80,84.5,84.5,64.26,Medium
STU0748,male,Group D,some college,standard,completed,4.4,77.8,no,no,57,65,78,66,66.5,66.5,53.86,Medium
STU0253,female,Group D,high school,free/reduced,completed,5.4,76.7,no,no,69,69,63,67,67.0,67.0,46.32,High
STU0022,male,Group D,some high school,standard,completed,5.1,83.6,no,yes,72,69,63,61,66.25,66.25,57.1,Medium
STU0314,female,Group A,bachelor's degree,standard,completed,8.9,94.1,no,no,92,98,90,86,91.5,91.5,85.58,Low
STU0460,female,Group A,master's degree,standard,completed,7.1,62.7,no,no,77,60,69,60,66.5,66.5,52.5,Medium
STU0161,male,Group D,bachelor's degree,standard,completed,8.8,60.1,no,no,67,64,65,53,62.25,62.25,50.32,Medium
STU0277,male,Group C,associate's degree,free/reduced,none,7.2,79.2,yes,yes,82,86,88,70,81.5,81.5,62.8,Medium
STU0956,male,Group D,some college,free/reduced,none,4.5,93.5,no,no,46,58,61,38,50.75,50.75,41.37,High
STU0192,female,Group B,associate's degree,standard,none,0.0,90.8,no,no,69,76,62,82,72.25,72.25,39.54,High
STU0386,female,Group D,associate's degree,standard,completed,4.2,71.8,no,no,68,72,78,65,70.75,70.75,46.4,High
STU0806,female,Group D,bachelor's degree,standard,completed,7.2,85.8,no,yes,91,95,100,100,96.5,96.5,80.63,Low
STU0414,female,Group D,some college,standard,none,14.1,89.7,yes,no,91,83,85,83,85.5,85.5,78.54,Low
STU0492,female,Group B,associate's degree,free/reduced,none,1.5,75.7,yes,no,55,55,59,54,55.75,55.75,33.94,High
STU0344,male,Group C,associate's degree,free/reduced,completed,8.4,96.8,yes,yes,82,88,92,89,87.75,87.75,75.93,Low
STU0770,female,Group C,associate's degree,standard,completed,2.2,81.8,yes,no,99,77,84,78,84.5,84.5,68.34,Low
STU0309,male,Group D,some college,free/reduced,completed,3.5,75.5,yes,no,70,68,63,59,65.0,65.0,44.45,High
STU0662,male,Group B,master's degree,free/reduced,none,8.1,100.0,yes,yes,75,86,98,83,85.5,85.5,80.44,Low
STU0131,female,Group C,some college,free/reduced,completed,2.8,94.7,no,no,68,66,64,65,65.75,65.75,50.06,Medium
STU0664,female,Group E,associate's degree,standard,completed,9.7,100.0,no,no,81,94,89,77,85.25,85.25,68.32,Low
STU0872,male,Group D,master's degree,standard,none,12.2,96.0,no,yes,100,86,90,100,94.0,94.0,72.55,Low
STU0100,male,Group A,bachelor's degree,free/reduced,completed,6.9,88.3,no,yes,59,69,68,68,66.0,66.0,58.13,Medium
STU0373,male,Group E,high school,free/reduced,none,3.3,82.6,yes,yes,76,63,72,60,67.75,67.75,50.06,Medium
STU0088,male,Group D,high school,free/reduced,none,0.0,73.4,no,no,43,54,45,38,45.0,45.0,18.73,High
STU0459,female,Group A,some college,standard,completed,5.0,66.6,yes,no,62,62,72,74,67.5,67.5,55.35,Medium
STU0331,male,Group A,master's degree,standard,completed,7.1,83.0,no,no,63,82,71,83,74.75,74.75,58.82,Medium
STU0215,male,Group C,high school,standard,completed,7.3,82.8,no,no,65,64,63,70,65.5,65.5,46.32,High
STU0467,female,Group B,some high school,standard,none,6.3,86.7,no,yes,69,85,64,66,71.0,71.0,52.94,Medium
STU0122,male,Group D,some high school,standard,none,8.1,84.4,no,no,65,70,71,60,66.5,66.5,43.3,High
STU0615,female,Group E,bachelor's degree,free/reduced,none,6.5,72.0,yes,yes,80,72,81,83,79.0,79.0,64.7,Medium
STU0021,male,Group C,some college,standard,completed,2.8,76.0,yes,yes,85,98,87,98,92.0,92.0,74.36,Low
STU0701,female,Group A,master's degree,free/reduced,none,10.2,98.8,no,yes,83,83,75,80,80.25,80.25,68.77,Low
STU0072,male,Group B,associate's degree,standard,completed,7.0,86.1,yes,no,67,72,64,69,68.0,68.0,52.1,Medium
STU0107,male,Group B,some high school,free/reduced,none,3.5,94.7,no,no,49,61,55,55,55.0,55.0,34.04,High
STU0271,female,Group B,associate's degree,free/reduced,completed,4.0,73.6,yes,yes,82,84,87,99,88.0,88.0,57.8,Medium
STU0861,male,Group E,high school,free/reduced,completed,0.7,81.5,no,no,60,65,66,63,63.5,63.5,33.58,High
STU0436,male,Group D,some high school,standard,completed,4.1,93.8,yes,yes,93,92,92,90,91.75,91.75,77.82,Low
STU0103,female,Group A,bachelor's degree,standard,completed,4.4,86.7,yes,no,69,78,88,70,76.25,76.25,50.9,Medium
